INSERT INTO "lexemes" ("id_lexeme", "lexeme") OVERRIDING SYSTEM VALUE VALUES (1, 'в');
INSERT INTO "lexemes" ("id_lexeme", "lexeme") OVERRIDING SYSTEM VALUE VALUES (2, 'хоккейный');
INSERT INTO "lexemes" ("id_lexeme", "lexeme") OVERRIDING SYSTEM VALUE VALUES (3, 'матч');
INSERT INTO "lexemes" ("id_lexeme", "lexeme") OVERRIDING SYSTEM VALUE VALUES (108, 'восстанавливаемый');
INSERT INTO "lexemes" ("id_lexeme", "lexeme") OVERRIDING SYSTEM VALUE VALUES (5, 'март');
INSERT INTO "lexemes" ("id_lexeme", "lexeme") OVERRIDING SYSTEM VALUE VALUES (6, 'между');
INSERT INTO "lexemes" ("id_lexeme", "lexeme") OVERRIDING SYSTEM VALUE VALUES (7, 'сборная');
INSERT INTO "lexemes" ("id_lexeme", "lexeme") OVERRIDING SYSTEM VALUE VALUES (8, 'Чехия');
INSERT INTO "lexemes" ("id_lexeme", "lexeme") OVERRIDING SYSTEM VALUE VALUES (9, 'и');
INSERT INTO "lexemes" ("id_lexeme", "lexeme") OVERRIDING SYSTEM VALUE VALUES (109, 'энергетика');
INSERT INTO "lexemes" ("id_lexeme", "lexeme") OVERRIDING SYSTEM VALUE VALUES (11, 'победить');
INSERT INTO "lexemes" ("id_lexeme", "lexeme") OVERRIDING SYSTEM VALUE VALUES (12, 'кленовый');
INSERT INTO "lexemes" ("id_lexeme", "lexeme") OVERRIDING SYSTEM VALUE VALUES (13, 'лист');
INSERT INTO "lexemes" ("id_lexeme", "lexeme") OVERRIDING SYSTEM VALUE VALUES (14, 'футбольный');
INSERT INTO "lexemes" ("id_lexeme", "lexeme") OVERRIDING SYSTEM VALUE VALUES (15, 'команда');
INSERT INTO "lexemes" ("id_lexeme", "lexeme") OVERRIDING SYSTEM VALUE VALUES (16, '"Спартак"');
INSERT INTO "lexemes" ("id_lexeme", "lexeme") OVERRIDING SYSTEM VALUE VALUES (17, '"Зенит"');
INSERT INTO "lexemes" ("id_lexeme", "lexeme") OVERRIDING SYSTEM VALUE VALUES (18, 'состоявшийся');
INSERT INTO "lexemes" ("id_lexeme", "lexeme") OVERRIDING SYSTEM VALUE VALUES (110, 'основанный');
INSERT INTO "lexemes" ("id_lexeme", "lexeme") OVERRIDING SYSTEM VALUE VALUES (20, 'победа');
INSERT INTO "lexemes" ("id_lexeme", "lexeme") OVERRIDING SYSTEM VALUE VALUES (21, 'одержать');
INSERT INTO "lexemes" ("id_lexeme", "lexeme") OVERRIDING SYSTEM VALUE VALUES (22, 'красно-белый');
INSERT INTO "lexemes" ("id_lexeme", "lexeme") OVERRIDING SYSTEM VALUE VALUES (23, 'все');
INSERT INTO "lexemes" ("id_lexeme", "lexeme") OVERRIDING SYSTEM VALUE VALUES (24, 'город');
INSERT INTO "lexemes" ("id_lexeme", "lexeme") OVERRIDING SYSTEM VALUE VALUES (25, 'с');
INSERT INTO "lexemes" ("id_lexeme", "lexeme") OVERRIDING SYSTEM VALUE VALUES (26, 'число');
INSERT INTO "lexemes" ("id_lexeme", "lexeme") OVERRIDING SYSTEM VALUE VALUES (27, 'житель');
INSERT INTO "lexemes" ("id_lexeme", "lexeme") OVERRIDING SYSTEM VALUE VALUES (28, 'не');
INSERT INTO "lexemes" ("id_lexeme", "lexeme") OVERRIDING SYSTEM VALUE VALUES (111, 'до');
INSERT INTO "lexemes" ("id_lexeme", "lexeme") OVERRIDING SYSTEM VALUE VALUES (112, 'год');
INSERT INTO "lexemes" ("id_lexeme", "lexeme") OVERRIDING SYSTEM VALUE VALUES (113, 'специализирующийся');
INSERT INTO "lexemes" ("id_lexeme", "lexeme") OVERRIDING SYSTEM VALUE VALUES (32, 'весь');
INSERT INTO "lexemes" ("id_lexeme", "lexeme") OVERRIDING SYSTEM VALUE VALUES (114, 'на');
INSERT INTO "lexemes" ("id_lexeme", "lexeme") OVERRIDING SYSTEM VALUE VALUES (115, 'планета');
INSERT INTO "lexemes" ("id_lexeme", "lexeme") OVERRIDING SYSTEM VALUE VALUES (116, 'самый');
INSERT INTO "lexemes" ("id_lexeme", "lexeme") OVERRIDING SYSTEM VALUE VALUES (117, 'большой');
INSERT INTO "lexemes" ("id_lexeme", "lexeme") OVERRIDING SYSTEM VALUE VALUES (118, 'радиус');
INSERT INTO "lexemes" ("id_lexeme", "lexeme") OVERRIDING SYSTEM VALUE VALUES (119, 'штат');
INSERT INTO "lexemes" ("id_lexeme", "lexeme") OVERRIDING SYSTEM VALUE VALUES (120, 'расположенный');
INSERT INTO "lexemes" ("id_lexeme", "lexeme") OVERRIDING SYSTEM VALUE VALUES (40, 'частный');
INSERT INTO "lexemes" ("id_lexeme", "lexeme") OVERRIDING SYSTEM VALUE VALUES (41, 'аэропорт');
INSERT INTO "lexemes" ("id_lexeme", "lexeme") OVERRIDING SYSTEM VALUE VALUES (121, 'соединённый');
INSERT INTO "lexemes" ("id_lexeme", "lexeme") OVERRIDING SYSTEM VALUE VALUES (122, 'США');
INSERT INTO "lexemes" ("id_lexeme", "lexeme") OVERRIDING SYSTEM VALUE VALUES (82, 'сельский');
INSERT INTO "lexemes" ("id_lexeme", "lexeme") OVERRIDING SYSTEM VALUE VALUES (123, '#дата#');
INSERT INTO "lexemes" ("id_lexeme", "lexeme") OVERRIDING SYSTEM VALUE VALUES (124, '#время#');
INSERT INTO "lexemes" ("id_lexeme", "lexeme") OVERRIDING SYSTEM VALUE VALUES (125, 'закончиться');
INSERT INTO "lexemes" ("id_lexeme", "lexeme") OVERRIDING SYSTEM VALUE VALUES (126, 'по');
INSERT INTO "lexemes" ("id_lexeme", "lexeme") OVERRIDING SYSTEM VALUE VALUES (127, 'флорбол');
INSERT INTO "lexemes" ("id_lexeme", "lexeme") OVERRIDING SYSTEM VALUE VALUES (128, 'разработать');
INSERT INTO "lexemes" ("id_lexeme", "lexeme") OVERRIDING SYSTEM VALUE VALUES (29, 'больший');
INSERT INTO "lexemes" ("id_lexeme", "lexeme") OVERRIDING SYSTEM VALUE VALUES (34, 'меньший');
INSERT INTO "lexemes" ("id_lexeme", "lexeme") OVERRIDING SYSTEM VALUE VALUES (4, '#число#');
INSERT INTO "lexemes" ("id_lexeme", "lexeme") OVERRIDING SYSTEM VALUE VALUES (129, 'заниматься');
INSERT INTO "lexemes" ("id_lexeme", "lexeme") OVERRIDING SYSTEM VALUE VALUES (130, 'восстанавливать');
INSERT INTO "lexemes" ("id_lexeme", "lexeme") OVERRIDING SYSTEM VALUE VALUES (131, 'специализироваться');
INSERT INTO "lexemes" ("id_lexeme", "lexeme") OVERRIDING SYSTEM VALUE VALUES (132, 'расположить');
INSERT INTO "lexemes" ("id_lexeme", "lexeme") OVERRIDING SYSTEM VALUE VALUES (133, 'Америка');
INSERT INTO "lexemes" ("id_lexeme", "lexeme") OVERRIDING SYSTEM VALUE VALUES (134, 'соединить');
INSERT INTO "lexemes" ("id_lexeme", "lexeme") OVERRIDING SYSTEM VALUE VALUES (51, 'общедоступный');
INSERT INTO "lexemes" ("id_lexeme", "lexeme") OVERRIDING SYSTEM VALUE VALUES (52, 'военный');
INSERT INTO "lexemes" ("id_lexeme", "lexeme") OVERRIDING SYSTEM VALUE VALUES (10, 'Канада');
INSERT INTO "lexemes" ("id_lexeme", "lexeme") OVERRIDING SYSTEM VALUE VALUES (33, 'Франция');
INSERT INTO "lexemes" ("id_lexeme", "lexeme") OVERRIDING SYSTEM VALUE VALUES (36, 'Россия');
INSERT INTO "lexemes" ("id_lexeme", "lexeme") OVERRIDING SYSTEM VALUE VALUES (38, 'Великобритания');
INSERT INTO "lexemes" ("id_lexeme", "lexeme") OVERRIDING SYSTEM VALUE VALUES (42, 'Германия');
INSERT INTO "lexemes" ("id_lexeme", "lexeme") OVERRIDING SYSTEM VALUE VALUES (43, 'Китай');
INSERT INTO "lexemes" ("id_lexeme", "lexeme") OVERRIDING SYSTEM VALUE VALUES (44, 'Италия');
INSERT INTO "lexemes" ("id_lexeme", "lexeme") OVERRIDING SYSTEM VALUE VALUES (53, 'состояться');
INSERT INTO "lexemes" ("id_lexeme", "lexeme") OVERRIDING SYSTEM VALUE VALUES (141, '#nil#');
INSERT INTO "lexemes" ("id_lexeme", "lexeme") OVERRIDING SYSTEM VALUE VALUES (142, 'малый');
INSERT INTO "lexemes" ("id_lexeme", "lexeme") OVERRIDING SYSTEM VALUE VALUES (143, 'австрийский');
INSERT INTO "lexemes" ("id_lexeme", "lexeme") OVERRIDING SYSTEM VALUE VALUES (144, 'легкоатлет');
INSERT INTO "lexemes" ("id_lexeme", "lexeme") OVERRIDING SYSTEM VALUE VALUES (145, 'Йенс');
INSERT INTO "lexemes" ("id_lexeme", "lexeme") OVERRIDING SYSTEM VALUE VALUES (65, 'широкофюзеляжный');
INSERT INTO "lexemes" ("id_lexeme", "lexeme") OVERRIDING SYSTEM VALUE VALUES (66, 'самолёт');
INSERT INTO "lexemes" ("id_lexeme", "lexeme") OVERRIDING SYSTEM VALUE VALUES (67, 'компания');
INSERT INTO "lexemes" ("id_lexeme", "lexeme") OVERRIDING SYSTEM VALUE VALUES (68, 'Airbus');
INSERT INTO "lexemes" ("id_lexeme", "lexeme") OVERRIDING SYSTEM VALUE VALUES (69, 'экспериментальный');
INSERT INTO "lexemes" ("id_lexeme", "lexeme") OVERRIDING SYSTEM VALUE VALUES (70, 'летательный');
INSERT INTO "lexemes" ("id_lexeme", "lexeme") OVERRIDING SYSTEM VALUE VALUES (71, 'аппарат');
INSERT INTO "lexemes" ("id_lexeme", "lexeme") OVERRIDING SYSTEM VALUE VALUES (72, 'одноместный');
INSERT INTO "lexemes" ("id_lexeme", "lexeme") OVERRIDING SYSTEM VALUE VALUES (73, 'многоцелевой');
INSERT INTO "lexemes" ("id_lexeme", "lexeme") OVERRIDING SYSTEM VALUE VALUES (74, 'боевой');
INSERT INTO "lexemes" ("id_lexeme", "lexeme") OVERRIDING SYSTEM VALUE VALUES (75, 'занимающийся');
INSERT INTO "lexemes" ("id_lexeme", "lexeme") OVERRIDING SYSTEM VALUE VALUES (76, 'российский');
INSERT INTO "lexemes" ("id_lexeme", "lexeme") OVERRIDING SYSTEM VALUE VALUES (77, 'производство');
INSERT INTO "lexemes" ("id_lexeme", "lexeme") OVERRIDING SYSTEM VALUE VALUES (78, 'разработанный');
INSERT INTO "lexemes" ("id_lexeme", "lexeme") OVERRIDING SYSTEM VALUE VALUES (79, 'Сухой');
INSERT INTO "lexemes" ("id_lexeme", "lexeme") OVERRIDING SYSTEM VALUE VALUES (80, 'для');
INSERT INTO "lexemes" ("id_lexeme", "lexeme") OVERRIDING SYSTEM VALUE VALUES (81, 'применение');
INSERT INTO "lexemes" ("id_lexeme", "lexeme") OVERRIDING SYSTEM VALUE VALUES (83, 'хозяйство');
INSERT INTO "lexemes" ("id_lexeme", "lexeme") OVERRIDING SYSTEM VALUE VALUES (146, 'Шонбах');
INSERT INTO "lexemes" ("id_lexeme", "lexeme") OVERRIDING SYSTEM VALUE VALUES (147, 'установить');
INSERT INTO "lexemes" ("id_lexeme", "lexeme") OVERRIDING SYSTEM VALUE VALUES (148, 'мировой');
INSERT INTO "lexemes" ("id_lexeme", "lexeme") OVERRIDING SYSTEM VALUE VALUES (149, 'рекорд');
INSERT INTO "lexemes" ("id_lexeme", "lexeme") OVERRIDING SYSTEM VALUE VALUES (150, 'марафонский');
INSERT INTO "lexemes" ("id_lexeme", "lexeme") OVERRIDING SYSTEM VALUE VALUES (151, 'бег');
INSERT INTO "lexemes" ("id_lexeme", "lexeme") OVERRIDING SYSTEM VALUE VALUES (152, 'канадский');
INSERT INTO "lexemes" ("id_lexeme", "lexeme") OVERRIDING SYSTEM VALUE VALUES (153, 'население');
INSERT INTO "lexemes" ("id_lexeme", "lexeme") OVERRIDING SYSTEM VALUE VALUES (154, 'экипаж');
INSERT INTO "lexemes" ("id_lexeme", "lexeme") OVERRIDING SYSTEM VALUE VALUES (155, 'человек');

INSERT INTO "meaning_types" ("id_type", "type") OVERRIDING SYSTEM VALUE VALUES (1, 'Основное значение лексемы');
INSERT INTO "meaning_types" ("id_type", "type") OVERRIDING SYSTEM VALUE VALUES (2, 'Дополнительное значение лексемы');
INSERT INTO "meaning_types" ("id_type", "type") OVERRIDING SYSTEM VALUE VALUES (3, 'Значение предложного фрейма');
INSERT INTO "meaning_types" ("id_type", "type") OVERRIDING SYSTEM VALUE VALUES (4, 'Значение глагольно-предложного фрейма');
INSERT INTO "meaning_types" ("id_type", "type") OVERRIDING SYSTEM VALUE VALUES (5, 'Значение вопросно-ролевого фрейма');

INSERT INTO "meanings" ("id_meaning", "id_type", "meaning") OVERRIDING SYSTEM VALUE VALUES (1, 1, 'Тип-фюзеляжа(z, Широкий)');
INSERT INTO "meanings" ("id_meaning", "id_type", "meaning") OVERRIDING SYSTEM VALUE VALUES (3, 2, 'продукт');
INSERT INTO "meanings" ("id_meaning", "id_type", "meaning") OVERRIDING SYSTEM VALUE VALUES (4, 1, 'компания');
INSERT INTO "meanings" ("id_meaning", "id_type", "meaning") OVERRIDING SYSTEM VALUE VALUES (5, 2, 'производитель');
INSERT INTO "meanings" ("id_meaning", "id_type", "meaning") OVERRIDING SYSTEM VALUE VALUES (6, 1, '(Назв,=,Airbus)');
INSERT INTO "meanings" ("id_meaning", "id_type", "meaning") OVERRIDING SYSTEM VALUE VALUES (7, 1, 'лет-аппарат');
INSERT INTO "meanings" ("id_meaning", "id_type", "meaning") OVERRIDING SYSTEM VALUE VALUES (8, 1, 'Тип(z, экспериментальный)');
INSERT INTO "meanings" ("id_meaning", "id_type", "meaning") OVERRIDING SYSTEM VALUE VALUES (11, 1, 'производство');
INSERT INTO "meanings" ("id_meaning", "id_type", "meaning") OVERRIDING SYSTEM VALUE VALUES (12, 1, 'Страна(z, Россия)');
INSERT INTO "meanings" ("id_meaning", "id_type", "meaning") OVERRIDING SYSTEM VALUE VALUES (13, 1, 'планета');
INSERT INTO "meanings" ("id_meaning", "id_type", "meaning") OVERRIDING SYSTEM VALUE VALUES (14, 1, 'радиус');
INSERT INTO "meanings" ("id_meaning", "id_type", "meaning") OVERRIDING SYSTEM VALUE VALUES (15, 2, 'параметр');
INSERT INTO "meanings" ("id_meaning", "id_type", "meaning") OVERRIDING SYSTEM VALUE VALUES (16, 1, 'Значение(z, #макс#)');
INSERT INTO "meanings" ("id_meaning", "id_type", "meaning") OVERRIDING SYSTEM VALUE VALUES (17, 3, 'Производитель');
INSERT INTO "meanings" ("id_meaning", "id_type", "meaning") OVERRIDING SYSTEM VALUE VALUES (20, 3, 'Принадлежность');
INSERT INTO "meanings" ("id_meaning", "id_type", "meaning") OVERRIDING SYSTEM VALUE VALUES (21, 2, 'объект');
INSERT INTO "meanings" ("id_meaning", "id_type", "meaning") OVERRIDING SYSTEM VALUE VALUES (22, 2, 'страна');
INSERT INTO "meanings" ("id_meaning", "id_type", "meaning") OVERRIDING SYSTEM VALUE VALUES (2, 1, 'самолёт');
INSERT INTO "meanings" ("id_meaning", "id_type", "meaning") OVERRIDING SYSTEM VALUE VALUES (23, 2, 'владелец');
INSERT INTO "meanings" ("id_meaning", "id_type", "meaning") OVERRIDING SYSTEM VALUE VALUES (18, 3, 'Радиус');
INSERT INTO "meanings" ("id_meaning", "id_type", "meaning") OVERRIDING SYSTEM VALUE VALUES (24, 2, 'радиус');
INSERT INTO "meanings" ("id_meaning", "id_type", "meaning") OVERRIDING SYSTEM VALUE VALUES (10, 1, 'Тип(z, Многоцелевой боевой)');
INSERT INTO "meanings" ("id_meaning", "id_type", "meaning") OVERRIDING SYSTEM VALUE VALUES (25, 1, 'Экипаж(z, 1)');
INSERT INTO "meanings" ("id_meaning", "id_type", "meaning") OVERRIDING SYSTEM VALUE VALUES (9, 1, 'Китай');
INSERT INTO "meanings" ("id_meaning", "id_type", "meaning") OVERRIDING SYSTEM VALUE VALUES (26, 1, 'Тип-аэропорта(z, Общедоступный)');
INSERT INTO "meanings" ("id_meaning", "id_type", "meaning") OVERRIDING SYSTEM VALUE VALUES (27, 1, 'аэропорт');
INSERT INTO "meanings" ("id_meaning", "id_type", "meaning") OVERRIDING SYSTEM VALUE VALUES (29, 1, 'Тип-Аэропорта(z, Военный)');
INSERT INTO "meanings" ("id_meaning", "id_type", "meaning") OVERRIDING SYSTEM VALUE VALUES (30, 3, 'Расположение');
INSERT INTO "meanings" ("id_meaning", "id_type", "meaning") OVERRIDING SYSTEM VALUE VALUES (31, 1, 'Германия');
INSERT INTO "meanings" ("id_meaning", "id_type", "meaning") OVERRIDING SYSTEM VALUE VALUES (32, 1, 'Канада');
INSERT INTO "meanings" ("id_meaning", "id_type", "meaning") OVERRIDING SYSTEM VALUE VALUES (33, 1, 'Италия');
INSERT INTO "meanings" ("id_meaning", "id_type", "meaning") OVERRIDING SYSTEM VALUE VALUES (28, 2, 'пространственный объект');
INSERT INTO "meanings" ("id_meaning", "id_type", "meaning") OVERRIDING SYSTEM VALUE VALUES (34, 1, 'Чехия');
INSERT INTO "meanings" ("id_meaning", "id_type", "meaning") OVERRIDING SYSTEM VALUE VALUES (35, 1, 'Россия');
INSERT INTO "meanings" ("id_meaning", "id_type", "meaning") OVERRIDING SYSTEM VALUE VALUES (36, 1, 'Франция');
INSERT INTO "meanings" ("id_meaning", "id_type", "meaning") OVERRIDING SYSTEM VALUE VALUES (37, 1, 'Великобритания');
INSERT INTO "meanings" ("id_meaning", "id_type", "meaning") OVERRIDING SYSTEM VALUE VALUES (38, 1, 'Тип-Аэропорта(z, Частный)');
INSERT INTO "meanings" ("id_meaning", "id_type", "meaning") OVERRIDING SYSTEM VALUE VALUES (39, 1, '(меньше, #число#)');
INSERT INTO "meanings" ("id_meaning", "id_type", "meaning") OVERRIDING SYSTEM VALUE VALUES (40, 1, '(не меньше, #число#)');
INSERT INTO "meanings" ("id_meaning", "id_type", "meaning") OVERRIDING SYSTEM VALUE VALUES (41, 1, '(больше, #число#)');
INSERT INTO "meanings" ("id_meaning", "id_type", "meaning") OVERRIDING SYSTEM VALUE VALUES (42, 1, '(не больше, #число#)');
INSERT INTO "meanings" ("id_meaning", "id_type", "meaning") OVERRIDING SYSTEM VALUE VALUES (45, 1, '(Имя, Йенс)');
INSERT INTO "meanings" ("id_meaning", "id_type", "meaning") OVERRIDING SYSTEM VALUE VALUES (46, 1, '(Фамилия, Шонбах)');
INSERT INTO "meanings" ("id_meaning", "id_type", "meaning") OVERRIDING SYSTEM VALUE VALUES (47, 1, 'рекорд');
INSERT INTO "meanings" ("id_meaning", "id_type", "meaning") OVERRIDING SYSTEM VALUE VALUES (48, 1, 'бег');
INSERT INTO "meanings" ("id_meaning", "id_type", "meaning") OVERRIDING SYSTEM VALUE VALUES (49, 1, '(Уровень1, мировой)');
INSERT INTO "meanings" ("id_meaning", "id_type", "meaning") OVERRIDING SYSTEM VALUE VALUES (50, 1, '(Является1, марафон)');
INSERT INTO "meanings" ("id_meaning", "id_type", "meaning") OVERRIDING SYSTEM VALUE VALUES (51, 2, 'дисциплина');
INSERT INTO "meanings" ("id_meaning", "id_type", "meaning") OVERRIDING SYSTEM VALUE VALUES (52, 1, 'установление1');
INSERT INTO "meanings" ("id_meaning", "id_type", "meaning") OVERRIDING SYSTEM VALUE VALUES (53, 4, 'Агент1');
INSERT INTO "meanings" ("id_meaning", "id_type", "meaning") OVERRIDING SYSTEM VALUE VALUES (54, 2, 'достижение');
INSERT INTO "meanings" ("id_meaning", "id_type", "meaning") OVERRIDING SYSTEM VALUE VALUES (57, 2, 'дин.физ.объект');
INSERT INTO "meanings" ("id_meaning", "id_type", "meaning") OVERRIDING SYSTEM VALUE VALUES (58, 4, 'Цел-объект');
INSERT INTO "meanings" ("id_meaning", "id_type", "meaning") OVERRIDING SYSTEM VALUE VALUES (59, 4, 'Область-деят');
INSERT INTO "meanings" ("id_meaning", "id_type", "meaning") OVERRIDING SYSTEM VALUE VALUES (55, 2, 'проф.обл');
INSERT INTO "meanings" ("id_meaning", "id_type", "meaning") OVERRIDING SYSTEM VALUE VALUES (56, 2, 'инт.с');
INSERT INTO "meanings" ("id_meaning", "id_type", "meaning") OVERRIDING SYSTEM VALUE VALUES (60, 1, 'Страна(z, Канада)');
INSERT INTO "meanings" ("id_meaning", "id_type", "meaning") OVERRIDING SYSTEM VALUE VALUES (61, 2, 'место проживания');
INSERT INTO "meanings" ("id_meaning", "id_type", "meaning") OVERRIDING SYSTEM VALUE VALUES (64, 3, 'Население');
INSERT INTO "meanings" ("id_meaning", "id_type", "meaning") OVERRIDING SYSTEM VALUE VALUES (65, 1, 'город');
INSERT INTO "meanings" ("id_meaning", "id_type", "meaning") OVERRIDING SYSTEM VALUE VALUES (62, 1, 'население');
INSERT INTO "meanings" ("id_meaning", "id_type", "meaning") OVERRIDING SYSTEM VALUE VALUES (63, 2, 'колич-жителей');
INSERT INTO "meanings" ("id_meaning", "id_type", "meaning") OVERRIDING SYSTEM VALUE VALUES (44, 1, '(Страна-отношение, нек-страна1 * (Название, Австрия))');
INSERT INTO "meanings" ("id_meaning", "id_type", "meaning") OVERRIDING SYSTEM VALUE VALUES (43, 1, 'спортсмен1 * (Вид-спорта, лёгкая-атлетика)');
INSERT INTO "meanings" ("id_meaning", "id_type", "meaning") OVERRIDING SYSTEM VALUE VALUES (66, 3, 'Проф-область');

INSERT INTO "morphological_trait_types" ("id_trait_type", "trait_type") OVERRIDING SYSTEM VALUE VALUES (1, 'часть-речи');
INSERT INTO "morphological_trait_types" ("id_trait_type", "trait_type") OVERRIDING SYSTEM VALUE VALUES (2, 'подкласс-части-речи');
INSERT INTO "morphological_trait_types" ("id_trait_type", "trait_type") OVERRIDING SYSTEM VALUE VALUES (3, 'падеж');
INSERT INTO "morphological_trait_types" ("id_trait_type", "trait_type") OVERRIDING SYSTEM VALUE VALUES (4, 'число');
INSERT INTO "morphological_trait_types" ("id_trait_type", "trait_type") OVERRIDING SYSTEM VALUE VALUES (5, 'род');
INSERT INTO "morphological_trait_types" ("id_trait_type", "trait_type") OVERRIDING SYSTEM VALUE VALUES (6, 'залог');
INSERT INTO "morphological_trait_types" ("id_trait_type", "trait_type") OVERRIDING SYSTEM VALUE VALUES (7, 'время');
INSERT INTO "morphological_trait_types" ("id_trait_type", "trait_type") OVERRIDING SYSTEM VALUE VALUES (8, 'наклонение');
INSERT INTO "morphological_trait_types" ("id_trait_type", "trait_type") OVERRIDING SYSTEM VALUE VALUES (9, 'вид');
INSERT INTO "morphological_trait_types" ("id_trait_type", "trait_type") OVERRIDING SYSTEM VALUE VALUES (10, 'лицо');
INSERT INTO "morphological_trait_types" ("id_trait_type", "trait_type") OVERRIDING SYSTEM VALUE VALUES (11, 'возвратность');

INSERT INTO "morphological_traits" ("id_trait", "id_trait_type", "trait") OVERRIDING SYSTEM VALUE VALUES (50, 1, 'глагол');
INSERT INTO "morphological_traits" ("id_trait", "id_trait_type", "trait") OVERRIDING SYSTEM VALUE VALUES (51, 1, 'сущ');
INSERT INTO "morphological_traits" ("id_trait", "id_trait_type", "trait") OVERRIDING SYSTEM VALUE VALUES (52, 1, 'прилаг');
INSERT INTO "morphological_traits" ("id_trait", "id_trait_type", "trait") OVERRIDING SYSTEM VALUE VALUES (53, 1, 'предлог');
INSERT INTO "morphological_traits" ("id_trait", "id_trait_type", "trait") OVERRIDING SYSTEM VALUE VALUES (54, 1, 'местоим');
INSERT INTO "morphological_traits" ("id_trait", "id_trait_type", "trait") OVERRIDING SYSTEM VALUE VALUES (55, 1, 'прич');
INSERT INTO "morphological_traits" ("id_trait", "id_trait_type", "trait") OVERRIDING SYSTEM VALUE VALUES (56, 1, 'наречие');
INSERT INTO "morphological_traits" ("id_trait", "id_trait_type", "trait") OVERRIDING SYSTEM VALUE VALUES (57, 1, 'колич-числит');
INSERT INTO "morphological_traits" ("id_trait", "id_trait_type", "trait") OVERRIDING SYSTEM VALUE VALUES (58, 1, 'порядк-числит');
INSERT INTO "morphological_traits" ("id_trait", "id_trait_type", "trait") OVERRIDING SYSTEM VALUE VALUES (59, 1, 'союз');
INSERT INTO "morphological_traits" ("id_trait", "id_trait_type", "trait") OVERRIDING SYSTEM VALUE VALUES (60, 1, 'деепр');
INSERT INTO "morphological_traits" ("id_trait", "id_trait_type", "trait") OVERRIDING SYSTEM VALUE VALUES (61, 2, 'сущ-нарицат');
INSERT INTO "morphological_traits" ("id_trait", "id_trait_type", "trait") OVERRIDING SYSTEM VALUE VALUES (62, 2, 'сущ-собств');
INSERT INTO "morphological_traits" ("id_trait", "id_trait_type", "trait") OVERRIDING SYSTEM VALUE VALUES (63, 2, 'личн-местоим');
INSERT INTO "morphological_traits" ("id_trait", "id_trait_type", "trait") OVERRIDING SYSTEM VALUE VALUES (64, 2, 'вопр-относ-местоим');
INSERT INTO "morphological_traits" ("id_trait", "id_trait_type", "trait") OVERRIDING SYSTEM VALUE VALUES (65, 2, 'местоим-наречие');
INSERT INTO "morphological_traits" ("id_trait", "id_trait_type", "trait") OVERRIDING SYSTEM VALUE VALUES (66, 2, 'глаг-в-изъявит-накл');
INSERT INTO "morphological_traits" ("id_trait", "id_trait_type", "trait") OVERRIDING SYSTEM VALUE VALUES (67, 2, 'глаг-в-повелит-накл');
INSERT INTO "morphological_traits" ("id_trait", "id_trait_type", "trait") OVERRIDING SYSTEM VALUE VALUES (68, 2, 'глаг-в-неопред-форме');
INSERT INTO "morphological_traits" ("id_trait", "id_trait_type", "trait") OVERRIDING SYSTEM VALUE VALUES (69, 2, 'действит-причастие');
INSERT INTO "morphological_traits" ("id_trait", "id_trait_type", "trait") OVERRIDING SYSTEM VALUE VALUES (70, 2, 'страдат-причастие');
INSERT INTO "morphological_traits" ("id_trait", "id_trait_type", "trait") OVERRIDING SYSTEM VALUE VALUES (77, 3, 'не-склоняется');
INSERT INTO "morphological_traits" ("id_trait", "id_trait_type", "trait") OVERRIDING SYSTEM VALUE VALUES (78, 4, 'ед-числ');
INSERT INTO "morphological_traits" ("id_trait", "id_trait_type", "trait") OVERRIDING SYSTEM VALUE VALUES (79, 4, 'множ-числ');
INSERT INTO "morphological_traits" ("id_trait", "id_trait_type", "trait") OVERRIDING SYSTEM VALUE VALUES (80, 5, 'жен-род');
INSERT INTO "morphological_traits" ("id_trait", "id_trait_type", "trait") OVERRIDING SYSTEM VALUE VALUES (81, 5, 'муж-род');
INSERT INTO "morphological_traits" ("id_trait", "id_trait_type", "trait") OVERRIDING SYSTEM VALUE VALUES (82, 5, 'сред-род');
INSERT INTO "morphological_traits" ("id_trait", "id_trait_type", "trait") OVERRIDING SYSTEM VALUE VALUES (84, 6, 'страд');
INSERT INTO "morphological_traits" ("id_trait", "id_trait_type", "trait") OVERRIDING SYSTEM VALUE VALUES (85, 7, 'прошед-время');
INSERT INTO "morphological_traits" ("id_trait", "id_trait_type", "trait") OVERRIDING SYSTEM VALUE VALUES (86, 7, 'наст-время');
INSERT INTO "morphological_traits" ("id_trait", "id_trait_type", "trait") OVERRIDING SYSTEM VALUE VALUES (87, 7, 'буд-время');
INSERT INTO "morphological_traits" ("id_trait", "id_trait_type", "trait") OVERRIDING SYSTEM VALUE VALUES (88, 8, 'изъявит');
INSERT INTO "morphological_traits" ("id_trait", "id_trait_type", "trait") OVERRIDING SYSTEM VALUE VALUES (89, 8, 'повелит');
INSERT INTO "morphological_traits" ("id_trait", "id_trait_type", "trait") OVERRIDING SYSTEM VALUE VALUES (90, 8, 'сослаг');
INSERT INTO "morphological_traits" ("id_trait", "id_trait_type", "trait") OVERRIDING SYSTEM VALUE VALUES (91, 9, 'несоверш-вид');
INSERT INTO "morphological_traits" ("id_trait", "id_trait_type", "trait") OVERRIDING SYSTEM VALUE VALUES (92, 9, 'соверш-вид');
INSERT INTO "morphological_traits" ("id_trait", "id_trait_type", "trait") OVERRIDING SYSTEM VALUE VALUES (93, 10, '1-ое-лицо');
INSERT INTO "morphological_traits" ("id_trait", "id_trait_type", "trait") OVERRIDING SYSTEM VALUE VALUES (94, 10, '2-ое-лицо');
INSERT INTO "morphological_traits" ("id_trait", "id_trait_type", "trait") OVERRIDING SYSTEM VALUE VALUES (95, 10, '3-е-лицо');
INSERT INTO "morphological_traits" ("id_trait", "id_trait_type", "trait") OVERRIDING SYSTEM VALUE VALUES (96, 11, 'вз');
INSERT INTO "morphological_traits" ("id_trait", "id_trait_type", "trait") OVERRIDING SYSTEM VALUE VALUES (97, 11, 'нвз');
INSERT INTO "morphological_traits" ("id_trait", "id_trait_type", "trait") OVERRIDING SYSTEM VALUE VALUES (98, 1, 'част');
INSERT INTO "morphological_traits" ("id_trait", "id_trait_type", "trait") OVERRIDING SYSTEM VALUE VALUES (99, 2, 'местоим-прилагательное');
INSERT INTO "morphological_traits" ("id_trait", "id_trait_type", "trait") OVERRIDING SYSTEM VALUE VALUES (100, 2, 'местоим-существительное');
INSERT INTO "morphological_traits" ("id_trait", "id_trait_type", "trait") OVERRIDING SYSTEM VALUE VALUES (101, 1, 'искусств-имя');
INSERT INTO "morphological_traits" ("id_trait", "id_trait_type", "trait") OVERRIDING SYSTEM VALUE VALUES (71, 3, 'им');
INSERT INTO "morphological_traits" ("id_trait", "id_trait_type", "trait") OVERRIDING SYSTEM VALUE VALUES (72, 3, 'рд');
INSERT INTO "morphological_traits" ("id_trait", "id_trait_type", "trait") OVERRIDING SYSTEM VALUE VALUES (73, 3, 'дт');
INSERT INTO "morphological_traits" ("id_trait", "id_trait_type", "trait") OVERRIDING SYSTEM VALUE VALUES (74, 3, 'вн');
INSERT INTO "morphological_traits" ("id_trait", "id_trait_type", "trait") OVERRIDING SYSTEM VALUE VALUES (75, 3, 'тв');
INSERT INTO "morphological_traits" ("id_trait", "id_trait_type", "trait") OVERRIDING SYSTEM VALUE VALUES (76, 3, 'пр');
INSERT INTO "morphological_traits" ("id_trait", "id_trait_type", "trait") OVERRIDING SYSTEM VALUE VALUES (102, 2, 'глагол-личн');
INSERT INTO "morphological_traits" ("id_trait", "id_trait_type", "trait") OVERRIDING SYSTEM VALUE VALUES (103, 2, '#nil#');
INSERT INTO "morphological_traits" ("id_trait", "id_trait_type", "trait") OVERRIDING SYSTEM VALUE VALUES (104, 6, '#nil#');
INSERT INTO "morphological_traits" ("id_trait", "id_trait_type", "trait") OVERRIDING SYSTEM VALUE VALUES (105, 11, '#nil#');
INSERT INTO "morphological_traits" ("id_trait", "id_trait_type", "trait") OVERRIDING SYSTEM VALUE VALUES (83, 6, 'дейст');

INSERT INTO "terms" ("id_term", "id_trait_part_of_speech", "id_trait_subclass", "comment") OVERRIDING SYSTEM VALUE VALUES (89, 51, 62, 'Соединённые штаты');
INSERT INTO "terms" ("id_term", "id_trait_part_of_speech", "id_trait_subclass", "comment") OVERRIDING SYSTEM VALUE VALUES (23, 50, NULL, 'одержать');
INSERT INTO "terms" ("id_term", "id_trait_part_of_speech", "id_trait_subclass", "comment") OVERRIDING SYSTEM VALUE VALUES (92, 51, 61, '#число# марта');
INSERT INTO "terms" ("id_term", "id_trait_part_of_speech", "id_trait_subclass", "comment") OVERRIDING SYSTEM VALUE VALUES (91, 51, 62, 'Соединённые штаты Америки');
INSERT INTO "terms" ("id_term", "id_trait_part_of_speech", "id_trait_subclass", "comment") OVERRIDING SYSTEM VALUE VALUES (95, 51, 61, 'летательный аппарат');
INSERT INTO "terms" ("id_term", "id_trait_part_of_speech", "id_trait_subclass", "comment") OVERRIDING SYSTEM VALUE VALUES (96, 52, NULL, 'одноместный многоцелевой боевой');
INSERT INTO "terms" ("id_term", "id_trait_part_of_speech", "id_trait_subclass", "comment") OVERRIDING SYSTEM VALUE VALUES (1, 53, NULL, 'в');
INSERT INTO "terms" ("id_term", "id_trait_part_of_speech", "id_trait_subclass", "comment") OVERRIDING SYSTEM VALUE VALUES (2, 52, NULL, 'хоккейный');
INSERT INTO "terms" ("id_term", "id_trait_part_of_speech", "id_trait_subclass", "comment") OVERRIDING SYSTEM VALUE VALUES (3, 51, 61, 'матч');
INSERT INTO "terms" ("id_term", "id_trait_part_of_speech", "id_trait_subclass", "comment") OVERRIDING SYSTEM VALUE VALUES (4, 57, NULL, '#число#');
INSERT INTO "terms" ("id_term", "id_trait_part_of_speech", "id_trait_subclass", "comment") OVERRIDING SYSTEM VALUE VALUES (5, 58, NULL, '#число#');
INSERT INTO "terms" ("id_term", "id_trait_part_of_speech", "id_trait_subclass", "comment") OVERRIDING SYSTEM VALUE VALUES (6, 51, 61, 'март');
INSERT INTO "terms" ("id_term", "id_trait_part_of_speech", "id_trait_subclass", "comment") OVERRIDING SYSTEM VALUE VALUES (7, 53, NULL, 'между');
INSERT INTO "terms" ("id_term", "id_trait_part_of_speech", "id_trait_subclass", "comment") OVERRIDING SYSTEM VALUE VALUES (8, 51, 61, 'сборная');
INSERT INTO "terms" ("id_term", "id_trait_part_of_speech", "id_trait_subclass", "comment") OVERRIDING SYSTEM VALUE VALUES (9, 51, 62, 'Чехия');
INSERT INTO "terms" ("id_term", "id_trait_part_of_speech", "id_trait_subclass", "comment") OVERRIDING SYSTEM VALUE VALUES (10, 59, NULL, 'и');
INSERT INTO "terms" ("id_term", "id_trait_part_of_speech", "id_trait_subclass", "comment") OVERRIDING SYSTEM VALUE VALUES (11, 51, 62, 'Канада');
INSERT INTO "terms" ("id_term", "id_trait_part_of_speech", "id_trait_subclass", "comment") OVERRIDING SYSTEM VALUE VALUES (12, 50, NULL, 'победить');
INSERT INTO "terms" ("id_term", "id_trait_part_of_speech", "id_trait_subclass", "comment") OVERRIDING SYSTEM VALUE VALUES (13, 52, NULL, 'кленовый');
INSERT INTO "terms" ("id_term", "id_trait_part_of_speech", "id_trait_subclass", "comment") OVERRIDING SYSTEM VALUE VALUES (14, 51, 61, 'лист');
INSERT INTO "terms" ("id_term", "id_trait_part_of_speech", "id_trait_subclass", "comment") OVERRIDING SYSTEM VALUE VALUES (15, 52, NULL, 'футбольный');
INSERT INTO "terms" ("id_term", "id_trait_part_of_speech", "id_trait_subclass", "comment") OVERRIDING SYSTEM VALUE VALUES (16, 51, 61, 'команда');
INSERT INTO "terms" ("id_term", "id_trait_part_of_speech", "id_trait_subclass", "comment") OVERRIDING SYSTEM VALUE VALUES (19, 55, 69, 'состоявшийся');
INSERT INTO "terms" ("id_term", "id_trait_part_of_speech", "id_trait_subclass", "comment") OVERRIDING SYSTEM VALUE VALUES (22, 51, 61, 'победа');
INSERT INTO "terms" ("id_term", "id_trait_part_of_speech", "id_trait_subclass", "comment") OVERRIDING SYSTEM VALUE VALUES (24, 52, NULL, 'красно-белый');
INSERT INTO "terms" ("id_term", "id_trait_part_of_speech", "id_trait_subclass", "comment") OVERRIDING SYSTEM VALUE VALUES (25, 56, NULL, 'все');
INSERT INTO "terms" ("id_term", "id_trait_part_of_speech", "id_trait_subclass", "comment") OVERRIDING SYSTEM VALUE VALUES (26, 51, 61, 'город');
INSERT INTO "terms" ("id_term", "id_trait_part_of_speech", "id_trait_subclass", "comment") OVERRIDING SYSTEM VALUE VALUES (27, 53, NULL, 'с');
INSERT INTO "terms" ("id_term", "id_trait_part_of_speech", "id_trait_subclass", "comment") OVERRIDING SYSTEM VALUE VALUES (28, 51, 61, 'число');
INSERT INTO "terms" ("id_term", "id_trait_part_of_speech", "id_trait_subclass", "comment") OVERRIDING SYSTEM VALUE VALUES (29, 51, 61, 'житель');
INSERT INTO "terms" ("id_term", "id_trait_part_of_speech", "id_trait_subclass", "comment") OVERRIDING SYSTEM VALUE VALUES (31, 98, NULL, 'не');
INSERT INTO "terms" ("id_term", "id_trait_part_of_speech", "id_trait_subclass", "comment") OVERRIDING SYSTEM VALUE VALUES (32, 52, NULL, 'меньший');
INSERT INTO "terms" ("id_term", "id_trait_part_of_speech", "id_trait_subclass", "comment") OVERRIDING SYSTEM VALUE VALUES (33, 54, 99, 'весь');
INSERT INTO "terms" ("id_term", "id_trait_part_of_speech", "id_trait_subclass", "comment") OVERRIDING SYSTEM VALUE VALUES (34, 51, 62, 'Франция');
INSERT INTO "terms" ("id_term", "id_trait_part_of_speech", "id_trait_subclass", "comment") OVERRIDING SYSTEM VALUE VALUES (35, 51, 62, 'Россия');
INSERT INTO "terms" ("id_term", "id_trait_part_of_speech", "id_trait_subclass", "comment") OVERRIDING SYSTEM VALUE VALUES (36, 51, 62, 'Великобритания');
INSERT INTO "terms" ("id_term", "id_trait_part_of_speech", "id_trait_subclass", "comment") OVERRIDING SYSTEM VALUE VALUES (37, 52, NULL, 'частный');
INSERT INTO "terms" ("id_term", "id_trait_part_of_speech", "id_trait_subclass", "comment") OVERRIDING SYSTEM VALUE VALUES (38, 51, 61, 'аэропорт');
INSERT INTO "terms" ("id_term", "id_trait_part_of_speech", "id_trait_subclass", "comment") OVERRIDING SYSTEM VALUE VALUES (39, 51, 62, 'Германия');
INSERT INTO "terms" ("id_term", "id_trait_part_of_speech", "id_trait_subclass", "comment") OVERRIDING SYSTEM VALUE VALUES (40, 51, 62, 'Китай');
INSERT INTO "terms" ("id_term", "id_trait_part_of_speech", "id_trait_subclass", "comment") OVERRIDING SYSTEM VALUE VALUES (41, 51, 62, 'Италия');
INSERT INTO "terms" ("id_term", "id_trait_part_of_speech", "id_trait_subclass", "comment") OVERRIDING SYSTEM VALUE VALUES (42, 52, NULL, 'общедоступный');
INSERT INTO "terms" ("id_term", "id_trait_part_of_speech", "id_trait_subclass", "comment") OVERRIDING SYSTEM VALUE VALUES (43, 52, NULL, 'военный');
INSERT INTO "terms" ("id_term", "id_trait_part_of_speech", "id_trait_subclass", "comment") OVERRIDING SYSTEM VALUE VALUES (44, 50, NULL, 'состояться');
INSERT INTO "terms" ("id_term", "id_trait_part_of_speech", "id_trait_subclass", "comment") OVERRIDING SYSTEM VALUE VALUES (45, 52, NULL, 'широкофюзеляжный');
INSERT INTO "terms" ("id_term", "id_trait_part_of_speech", "id_trait_subclass", "comment") OVERRIDING SYSTEM VALUE VALUES (46, 51, 61, 'самолёт');
INSERT INTO "terms" ("id_term", "id_trait_part_of_speech", "id_trait_subclass", "comment") OVERRIDING SYSTEM VALUE VALUES (47, 51, 61, 'компания');
INSERT INTO "terms" ("id_term", "id_trait_part_of_speech", "id_trait_subclass", "comment") OVERRIDING SYSTEM VALUE VALUES (48, 51, 62, 'Airbus');
INSERT INTO "terms" ("id_term", "id_trait_part_of_speech", "id_trait_subclass", "comment") OVERRIDING SYSTEM VALUE VALUES (49, 52, NULL, 'экспериментальный');
INSERT INTO "terms" ("id_term", "id_trait_part_of_speech", "id_trait_subclass", "comment") OVERRIDING SYSTEM VALUE VALUES (50, 52, NULL, 'летательный');
INSERT INTO "terms" ("id_term", "id_trait_part_of_speech", "id_trait_subclass", "comment") OVERRIDING SYSTEM VALUE VALUES (51, 51, 61, 'аппарат');
INSERT INTO "terms" ("id_term", "id_trait_part_of_speech", "id_trait_subclass", "comment") OVERRIDING SYSTEM VALUE VALUES (52, 52, NULL, 'одноместный');
INSERT INTO "terms" ("id_term", "id_trait_part_of_speech", "id_trait_subclass", "comment") OVERRIDING SYSTEM VALUE VALUES (53, 52, NULL, 'многоцелевой');
INSERT INTO "terms" ("id_term", "id_trait_part_of_speech", "id_trait_subclass", "comment") OVERRIDING SYSTEM VALUE VALUES (54, 52, NULL, 'боевой');
INSERT INTO "terms" ("id_term", "id_trait_part_of_speech", "id_trait_subclass", "comment") OVERRIDING SYSTEM VALUE VALUES (55, 55, 69, 'занимающийся');
INSERT INTO "terms" ("id_term", "id_trait_part_of_speech", "id_trait_subclass", "comment") OVERRIDING SYSTEM VALUE VALUES (56, 52, NULL, 'российский');
INSERT INTO "terms" ("id_term", "id_trait_part_of_speech", "id_trait_subclass", "comment") OVERRIDING SYSTEM VALUE VALUES (57, 51, 61, 'производство');
INSERT INTO "terms" ("id_term", "id_trait_part_of_speech", "id_trait_subclass", "comment") OVERRIDING SYSTEM VALUE VALUES (58, 55, 70, 'разработанный');
INSERT INTO "terms" ("id_term", "id_trait_part_of_speech", "id_trait_subclass", "comment") OVERRIDING SYSTEM VALUE VALUES (59, 51, 62, 'Сухой');
INSERT INTO "terms" ("id_term", "id_trait_part_of_speech", "id_trait_subclass", "comment") OVERRIDING SYSTEM VALUE VALUES (60, 53, NULL, 'для');
INSERT INTO "terms" ("id_term", "id_trait_part_of_speech", "id_trait_subclass", "comment") OVERRIDING SYSTEM VALUE VALUES (61, 51, 61, 'применение');
INSERT INTO "terms" ("id_term", "id_trait_part_of_speech", "id_trait_subclass", "comment") OVERRIDING SYSTEM VALUE VALUES (62, 52, NULL, 'сельский');
INSERT INTO "terms" ("id_term", "id_trait_part_of_speech", "id_trait_subclass", "comment") OVERRIDING SYSTEM VALUE VALUES (30, 52, NULL, 'больший');
INSERT INTO "terms" ("id_term", "id_trait_part_of_speech", "id_trait_subclass", "comment") OVERRIDING SYSTEM VALUE VALUES (90, 51, 62, 'Америка');
INSERT INTO "terms" ("id_term", "id_trait_part_of_speech", "id_trait_subclass", "comment") OVERRIDING SYSTEM VALUE VALUES (93, 50, NULL, 'соединить');
INSERT INTO "terms" ("id_term", "id_trait_part_of_speech", "id_trait_subclass", "comment") OVERRIDING SYSTEM VALUE VALUES (94, 51, 62, 'Штаты');
INSERT INTO "terms" ("id_term", "id_trait_part_of_speech", "id_trait_subclass", "comment") OVERRIDING SYSTEM VALUE VALUES (17, 101, NULL, '"Спартак"');
INSERT INTO "terms" ("id_term", "id_trait_part_of_speech", "id_trait_subclass", "comment") OVERRIDING SYSTEM VALUE VALUES (18, 101, NULL, '"Зенит"');
INSERT INTO "terms" ("id_term", "id_trait_part_of_speech", "id_trait_subclass", "comment") OVERRIDING SYSTEM VALUE VALUES (97, 52, NULL, 'самый больший');
INSERT INTO "terms" ("id_term", "id_trait_part_of_speech", "id_trait_subclass", "comment") OVERRIDING SYSTEM VALUE VALUES (63, 51, 61, 'хозяйство');
INSERT INTO "terms" ("id_term", "id_trait_part_of_speech", "id_trait_subclass", "comment") OVERRIDING SYSTEM VALUE VALUES (64, 52, NULL, 'восстанавливаемый');
INSERT INTO "terms" ("id_term", "id_trait_part_of_speech", "id_trait_subclass", "comment") OVERRIDING SYSTEM VALUE VALUES (65, 51, 61, 'энергетика');
INSERT INTO "terms" ("id_term", "id_trait_part_of_speech", "id_trait_subclass", "comment") OVERRIDING SYSTEM VALUE VALUES (66, 55, 70, 'основанный');
INSERT INTO "terms" ("id_term", "id_trait_part_of_speech", "id_trait_subclass", "comment") OVERRIDING SYSTEM VALUE VALUES (67, 53, NULL, 'до');
INSERT INTO "terms" ("id_term", "id_trait_part_of_speech", "id_trait_subclass", "comment") OVERRIDING SYSTEM VALUE VALUES (68, 51, 61, 'год');
INSERT INTO "terms" ("id_term", "id_trait_part_of_speech", "id_trait_subclass", "comment") OVERRIDING SYSTEM VALUE VALUES (69, 55, 69, 'специализирующийся');
INSERT INTO "terms" ("id_term", "id_trait_part_of_speech", "id_trait_subclass", "comment") OVERRIDING SYSTEM VALUE VALUES (70, 53, NULL, 'на');
INSERT INTO "terms" ("id_term", "id_trait_part_of_speech", "id_trait_subclass", "comment") OVERRIDING SYSTEM VALUE VALUES (71, 51, 61, 'планета');
INSERT INTO "terms" ("id_term", "id_trait_part_of_speech", "id_trait_subclass", "comment") OVERRIDING SYSTEM VALUE VALUES (72, 52, NULL, 'самый');
INSERT INTO "terms" ("id_term", "id_trait_part_of_speech", "id_trait_subclass", "comment") OVERRIDING SYSTEM VALUE VALUES (73, 52, NULL, 'большой');
INSERT INTO "terms" ("id_term", "id_trait_part_of_speech", "id_trait_subclass", "comment") OVERRIDING SYSTEM VALUE VALUES (74, 51, 61, 'радиус');
INSERT INTO "terms" ("id_term", "id_trait_part_of_speech", "id_trait_subclass", "comment") OVERRIDING SYSTEM VALUE VALUES (75, 51, 61, 'штат');
INSERT INTO "terms" ("id_term", "id_trait_part_of_speech", "id_trait_subclass", "comment") OVERRIDING SYSTEM VALUE VALUES (76, 52, NULL, 'расположенный');
INSERT INTO "terms" ("id_term", "id_trait_part_of_speech", "id_trait_subclass", "comment") OVERRIDING SYSTEM VALUE VALUES (77, 52, NULL, 'соединённый');
INSERT INTO "terms" ("id_term", "id_trait_part_of_speech", "id_trait_subclass", "comment") OVERRIDING SYSTEM VALUE VALUES (78, 51, 62, 'США');
INSERT INTO "terms" ("id_term", "id_trait_part_of_speech", "id_trait_subclass", "comment") OVERRIDING SYSTEM VALUE VALUES (79, 51, 61, '#дата#');
INSERT INTO "terms" ("id_term", "id_trait_part_of_speech", "id_trait_subclass", "comment") OVERRIDING SYSTEM VALUE VALUES (80, 51, 61, '#время#');
INSERT INTO "terms" ("id_term", "id_trait_part_of_speech", "id_trait_subclass", "comment") OVERRIDING SYSTEM VALUE VALUES (81, 50, NULL, 'закончиться');
INSERT INTO "terms" ("id_term", "id_trait_part_of_speech", "id_trait_subclass", "comment") OVERRIDING SYSTEM VALUE VALUES (83, 53, NULL, 'флорбол');
INSERT INTO "terms" ("id_term", "id_trait_part_of_speech", "id_trait_subclass", "comment") OVERRIDING SYSTEM VALUE VALUES (84, 50, NULL, 'разработать');
INSERT INTO "terms" ("id_term", "id_trait_part_of_speech", "id_trait_subclass", "comment") OVERRIDING SYSTEM VALUE VALUES (85, 50, NULL, 'заниматься');
INSERT INTO "terms" ("id_term", "id_trait_part_of_speech", "id_trait_subclass", "comment") OVERRIDING SYSTEM VALUE VALUES (86, 50, NULL, 'восстанавливать');
INSERT INTO "terms" ("id_term", "id_trait_part_of_speech", "id_trait_subclass", "comment") OVERRIDING SYSTEM VALUE VALUES (87, 50, NULL, 'специализироваться');
INSERT INTO "terms" ("id_term", "id_trait_part_of_speech", "id_trait_subclass", "comment") OVERRIDING SYSTEM VALUE VALUES (88, 50, NULL, 'расположить');
INSERT INTO "terms" ("id_term", "id_trait_part_of_speech", "id_trait_subclass", "comment") OVERRIDING SYSTEM VALUE VALUES (82, 53, NULL, 'по');
INSERT INTO "terms" ("id_term", "id_trait_part_of_speech", "id_trait_subclass", "comment") OVERRIDING SYSTEM VALUE VALUES (98, 53, NULL, '#nil#');
INSERT INTO "terms" ("id_term", "id_trait_part_of_speech", "id_trait_subclass", "comment") OVERRIDING SYSTEM VALUE VALUES (99, 52, NULL, 'меньше #число#');
INSERT INTO "terms" ("id_term", "id_trait_part_of_speech", "id_trait_subclass", "comment") OVERRIDING SYSTEM VALUE VALUES (100, 52, NULL, 'не меньше #число#');
INSERT INTO "terms" ("id_term", "id_trait_part_of_speech", "id_trait_subclass", "comment") OVERRIDING SYSTEM VALUE VALUES (101, 52, NULL, 'больше #число#');
INSERT INTO "terms" ("id_term", "id_trait_part_of_speech", "id_trait_subclass", "comment") OVERRIDING SYSTEM VALUE VALUES (102, 52, NULL, 'не больше #число#');
INSERT INTO "terms" ("id_term", "id_trait_part_of_speech", "id_trait_subclass", "comment") OVERRIDING SYSTEM VALUE VALUES (103, 52, NULL, 'австрийский');
INSERT INTO "terms" ("id_term", "id_trait_part_of_speech", "id_trait_subclass", "comment") OVERRIDING SYSTEM VALUE VALUES (104, 51, 61, 'легкоатлет');
INSERT INTO "terms" ("id_term", "id_trait_part_of_speech", "id_trait_subclass", "comment") OVERRIDING SYSTEM VALUE VALUES (105, 51, 62, 'Йенс');
INSERT INTO "terms" ("id_term", "id_trait_part_of_speech", "id_trait_subclass", "comment") OVERRIDING SYSTEM VALUE VALUES (106, 51, 62, 'Шонбах');
INSERT INTO "terms" ("id_term", "id_trait_part_of_speech", "id_trait_subclass", "comment") OVERRIDING SYSTEM VALUE VALUES (107, 50, NULL, 'установить');
INSERT INTO "terms" ("id_term", "id_trait_part_of_speech", "id_trait_subclass", "comment") OVERRIDING SYSTEM VALUE VALUES (108, 52, NULL, 'мировой');
INSERT INTO "terms" ("id_term", "id_trait_part_of_speech", "id_trait_subclass", "comment") OVERRIDING SYSTEM VALUE VALUES (109, 51, 61, 'рекорд');
INSERT INTO "terms" ("id_term", "id_trait_part_of_speech", "id_trait_subclass", "comment") OVERRIDING SYSTEM VALUE VALUES (110, 52, NULL, 'марафонский');
INSERT INTO "terms" ("id_term", "id_trait_part_of_speech", "id_trait_subclass", "comment") OVERRIDING SYSTEM VALUE VALUES (111, 51, 61, 'бег');
INSERT INTO "terms" ("id_term", "id_trait_part_of_speech", "id_trait_subclass", "comment") OVERRIDING SYSTEM VALUE VALUES (112, 52, NULL, 'канадский');
INSERT INTO "terms" ("id_term", "id_trait_part_of_speech", "id_trait_subclass", "comment") OVERRIDING SYSTEM VALUE VALUES (113, 51, 61, 'население');
INSERT INTO "terms" ("id_term", "id_trait_part_of_speech", "id_trait_subclass", "comment") OVERRIDING SYSTEM VALUE VALUES (114, 51, 61, 'экипаж');
INSERT INTO "terms" ("id_term", "id_trait_part_of_speech", "id_trait_subclass", "comment") OVERRIDING SYSTEM VALUE VALUES (115, 51, 61, 'население');

INSERT INTO "term_components" ("id_component", "id_term", "id_lexeme", "is_main_lexeme", "position_lexeme") OVERRIDING SYSTEM VALUE VALUES (1, 89, 121, false, 1);
INSERT INTO "term_components" ("id_component", "id_term", "id_lexeme", "is_main_lexeme", "position_lexeme") OVERRIDING SYSTEM VALUE VALUES (3, 91, 121, false, 1);
INSERT INTO "term_components" ("id_component", "id_term", "id_lexeme", "is_main_lexeme", "position_lexeme") OVERRIDING SYSTEM VALUE VALUES (111, 101, 4, false, 2);
INSERT INTO "term_components" ("id_component", "id_term", "id_lexeme", "is_main_lexeme", "position_lexeme") OVERRIDING SYSTEM VALUE VALUES (112, 102, 28, false, 1);
INSERT INTO "term_components" ("id_component", "id_term", "id_lexeme", "is_main_lexeme", "position_lexeme") OVERRIDING SYSTEM VALUE VALUES (6, 1, 1, true, 1);
INSERT INTO "term_components" ("id_component", "id_term", "id_lexeme", "is_main_lexeme", "position_lexeme") OVERRIDING SYSTEM VALUE VALUES (7, 2, 2, true, 1);
INSERT INTO "term_components" ("id_component", "id_term", "id_lexeme", "is_main_lexeme", "position_lexeme") OVERRIDING SYSTEM VALUE VALUES (8, 3, 3, true, 1);
INSERT INTO "term_components" ("id_component", "id_term", "id_lexeme", "is_main_lexeme", "position_lexeme") OVERRIDING SYSTEM VALUE VALUES (9, 4, 4, true, 1);
INSERT INTO "term_components" ("id_component", "id_term", "id_lexeme", "is_main_lexeme", "position_lexeme") OVERRIDING SYSTEM VALUE VALUES (10, 5, 4, true, 1);
INSERT INTO "term_components" ("id_component", "id_term", "id_lexeme", "is_main_lexeme", "position_lexeme") OVERRIDING SYSTEM VALUE VALUES (11, 6, 5, true, 1);
INSERT INTO "term_components" ("id_component", "id_term", "id_lexeme", "is_main_lexeme", "position_lexeme") OVERRIDING SYSTEM VALUE VALUES (12, 7, 6, true, 1);
INSERT INTO "term_components" ("id_component", "id_term", "id_lexeme", "is_main_lexeme", "position_lexeme") OVERRIDING SYSTEM VALUE VALUES (13, 8, 7, true, 1);
INSERT INTO "term_components" ("id_component", "id_term", "id_lexeme", "is_main_lexeme", "position_lexeme") OVERRIDING SYSTEM VALUE VALUES (14, 9, 8, true, 1);
INSERT INTO "term_components" ("id_component", "id_term", "id_lexeme", "is_main_lexeme", "position_lexeme") OVERRIDING SYSTEM VALUE VALUES (15, 10, 9, true, 1);
INSERT INTO "term_components" ("id_component", "id_term", "id_lexeme", "is_main_lexeme", "position_lexeme") OVERRIDING SYSTEM VALUE VALUES (16, 11, 10, true, 1);
INSERT INTO "term_components" ("id_component", "id_term", "id_lexeme", "is_main_lexeme", "position_lexeme") OVERRIDING SYSTEM VALUE VALUES (17, 12, 11, true, 1);
INSERT INTO "term_components" ("id_component", "id_term", "id_lexeme", "is_main_lexeme", "position_lexeme") OVERRIDING SYSTEM VALUE VALUES (18, 13, 12, true, 1);
INSERT INTO "term_components" ("id_component", "id_term", "id_lexeme", "is_main_lexeme", "position_lexeme") OVERRIDING SYSTEM VALUE VALUES (19, 14, 13, true, 1);
INSERT INTO "term_components" ("id_component", "id_term", "id_lexeme", "is_main_lexeme", "position_lexeme") OVERRIDING SYSTEM VALUE VALUES (20, 15, 14, true, 1);
INSERT INTO "term_components" ("id_component", "id_term", "id_lexeme", "is_main_lexeme", "position_lexeme") OVERRIDING SYSTEM VALUE VALUES (21, 16, 15, true, 1);
INSERT INTO "term_components" ("id_component", "id_term", "id_lexeme", "is_main_lexeme", "position_lexeme") OVERRIDING SYSTEM VALUE VALUES (22, 17, 16, true, 1);
INSERT INTO "term_components" ("id_component", "id_term", "id_lexeme", "is_main_lexeme", "position_lexeme") OVERRIDING SYSTEM VALUE VALUES (23, 18, 17, true, 1);
INSERT INTO "term_components" ("id_component", "id_term", "id_lexeme", "is_main_lexeme", "position_lexeme") OVERRIDING SYSTEM VALUE VALUES (24, 19, 18, true, 1);
INSERT INTO "term_components" ("id_component", "id_term", "id_lexeme", "is_main_lexeme", "position_lexeme") OVERRIDING SYSTEM VALUE VALUES (25, 22, 20, true, 1);
INSERT INTO "term_components" ("id_component", "id_term", "id_lexeme", "is_main_lexeme", "position_lexeme") OVERRIDING SYSTEM VALUE VALUES (26, 23, 21, true, 1);
INSERT INTO "term_components" ("id_component", "id_term", "id_lexeme", "is_main_lexeme", "position_lexeme") OVERRIDING SYSTEM VALUE VALUES (27, 24, 22, true, 1);
INSERT INTO "term_components" ("id_component", "id_term", "id_lexeme", "is_main_lexeme", "position_lexeme") OVERRIDING SYSTEM VALUE VALUES (28, 25, 23, true, 1);
INSERT INTO "term_components" ("id_component", "id_term", "id_lexeme", "is_main_lexeme", "position_lexeme") OVERRIDING SYSTEM VALUE VALUES (29, 26, 24, true, 1);
INSERT INTO "term_components" ("id_component", "id_term", "id_lexeme", "is_main_lexeme", "position_lexeme") OVERRIDING SYSTEM VALUE VALUES (30, 27, 25, true, 1);
INSERT INTO "term_components" ("id_component", "id_term", "id_lexeme", "is_main_lexeme", "position_lexeme") OVERRIDING SYSTEM VALUE VALUES (31, 28, 26, true, 1);
INSERT INTO "term_components" ("id_component", "id_term", "id_lexeme", "is_main_lexeme", "position_lexeme") OVERRIDING SYSTEM VALUE VALUES (32, 29, 27, true, 1);
INSERT INTO "term_components" ("id_component", "id_term", "id_lexeme", "is_main_lexeme", "position_lexeme") OVERRIDING SYSTEM VALUE VALUES (33, 31, 28, true, 1);
INSERT INTO "term_components" ("id_component", "id_term", "id_lexeme", "is_main_lexeme", "position_lexeme") OVERRIDING SYSTEM VALUE VALUES (34, 32, 34, true, 1);
INSERT INTO "term_components" ("id_component", "id_term", "id_lexeme", "is_main_lexeme", "position_lexeme") OVERRIDING SYSTEM VALUE VALUES (35, 33, 32, true, 1);
INSERT INTO "term_components" ("id_component", "id_term", "id_lexeme", "is_main_lexeme", "position_lexeme") OVERRIDING SYSTEM VALUE VALUES (36, 34, 33, true, 1);
INSERT INTO "term_components" ("id_component", "id_term", "id_lexeme", "is_main_lexeme", "position_lexeme") OVERRIDING SYSTEM VALUE VALUES (37, 35, 36, true, 1);
INSERT INTO "term_components" ("id_component", "id_term", "id_lexeme", "is_main_lexeme", "position_lexeme") OVERRIDING SYSTEM VALUE VALUES (38, 36, 38, true, 1);
INSERT INTO "term_components" ("id_component", "id_term", "id_lexeme", "is_main_lexeme", "position_lexeme") OVERRIDING SYSTEM VALUE VALUES (39, 37, 40, true, 1);
INSERT INTO "term_components" ("id_component", "id_term", "id_lexeme", "is_main_lexeme", "position_lexeme") OVERRIDING SYSTEM VALUE VALUES (40, 38, 41, true, 1);
INSERT INTO "term_components" ("id_component", "id_term", "id_lexeme", "is_main_lexeme", "position_lexeme") OVERRIDING SYSTEM VALUE VALUES (41, 39, 42, true, 1);
INSERT INTO "term_components" ("id_component", "id_term", "id_lexeme", "is_main_lexeme", "position_lexeme") OVERRIDING SYSTEM VALUE VALUES (42, 40, 43, true, 1);
INSERT INTO "term_components" ("id_component", "id_term", "id_lexeme", "is_main_lexeme", "position_lexeme") OVERRIDING SYSTEM VALUE VALUES (43, 41, 44, true, 1);
INSERT INTO "term_components" ("id_component", "id_term", "id_lexeme", "is_main_lexeme", "position_lexeme") OVERRIDING SYSTEM VALUE VALUES (44, 42, 51, true, 1);
INSERT INTO "term_components" ("id_component", "id_term", "id_lexeme", "is_main_lexeme", "position_lexeme") OVERRIDING SYSTEM VALUE VALUES (45, 43, 52, true, 1);
INSERT INTO "term_components" ("id_component", "id_term", "id_lexeme", "is_main_lexeme", "position_lexeme") OVERRIDING SYSTEM VALUE VALUES (46, 44, 53, true, 1);
INSERT INTO "term_components" ("id_component", "id_term", "id_lexeme", "is_main_lexeme", "position_lexeme") OVERRIDING SYSTEM VALUE VALUES (47, 45, 65, true, 1);
INSERT INTO "term_components" ("id_component", "id_term", "id_lexeme", "is_main_lexeme", "position_lexeme") OVERRIDING SYSTEM VALUE VALUES (48, 46, 66, true, 1);
INSERT INTO "term_components" ("id_component", "id_term", "id_lexeme", "is_main_lexeme", "position_lexeme") OVERRIDING SYSTEM VALUE VALUES (49, 47, 67, true, 1);
INSERT INTO "term_components" ("id_component", "id_term", "id_lexeme", "is_main_lexeme", "position_lexeme") OVERRIDING SYSTEM VALUE VALUES (50, 48, 68, true, 1);
INSERT INTO "term_components" ("id_component", "id_term", "id_lexeme", "is_main_lexeme", "position_lexeme") OVERRIDING SYSTEM VALUE VALUES (51, 49, 69, true, 1);
INSERT INTO "term_components" ("id_component", "id_term", "id_lexeme", "is_main_lexeme", "position_lexeme") OVERRIDING SYSTEM VALUE VALUES (52, 50, 70, true, 1);
INSERT INTO "term_components" ("id_component", "id_term", "id_lexeme", "is_main_lexeme", "position_lexeme") OVERRIDING SYSTEM VALUE VALUES (53, 51, 71, true, 1);
INSERT INTO "term_components" ("id_component", "id_term", "id_lexeme", "is_main_lexeme", "position_lexeme") OVERRIDING SYSTEM VALUE VALUES (54, 52, 72, true, 1);
INSERT INTO "term_components" ("id_component", "id_term", "id_lexeme", "is_main_lexeme", "position_lexeme") OVERRIDING SYSTEM VALUE VALUES (55, 53, 73, true, 1);
INSERT INTO "term_components" ("id_component", "id_term", "id_lexeme", "is_main_lexeme", "position_lexeme") OVERRIDING SYSTEM VALUE VALUES (56, 54, 74, true, 1);
INSERT INTO "term_components" ("id_component", "id_term", "id_lexeme", "is_main_lexeme", "position_lexeme") OVERRIDING SYSTEM VALUE VALUES (57, 55, 75, true, 1);
INSERT INTO "term_components" ("id_component", "id_term", "id_lexeme", "is_main_lexeme", "position_lexeme") OVERRIDING SYSTEM VALUE VALUES (58, 56, 76, true, 1);
INSERT INTO "term_components" ("id_component", "id_term", "id_lexeme", "is_main_lexeme", "position_lexeme") OVERRIDING SYSTEM VALUE VALUES (59, 57, 77, true, 1);
INSERT INTO "term_components" ("id_component", "id_term", "id_lexeme", "is_main_lexeme", "position_lexeme") OVERRIDING SYSTEM VALUE VALUES (60, 58, 78, true, 1);
INSERT INTO "term_components" ("id_component", "id_term", "id_lexeme", "is_main_lexeme", "position_lexeme") OVERRIDING SYSTEM VALUE VALUES (61, 59, 79, true, 1);
INSERT INTO "term_components" ("id_component", "id_term", "id_lexeme", "is_main_lexeme", "position_lexeme") OVERRIDING SYSTEM VALUE VALUES (62, 60, 80, true, 1);
INSERT INTO "term_components" ("id_component", "id_term", "id_lexeme", "is_main_lexeme", "position_lexeme") OVERRIDING SYSTEM VALUE VALUES (63, 61, 81, true, 1);
INSERT INTO "term_components" ("id_component", "id_term", "id_lexeme", "is_main_lexeme", "position_lexeme") OVERRIDING SYSTEM VALUE VALUES (64, 62, 82, true, 1);
INSERT INTO "term_components" ("id_component", "id_term", "id_lexeme", "is_main_lexeme", "position_lexeme") OVERRIDING SYSTEM VALUE VALUES (65, 63, 83, true, 1);
INSERT INTO "term_components" ("id_component", "id_term", "id_lexeme", "is_main_lexeme", "position_lexeme") OVERRIDING SYSTEM VALUE VALUES (66, 64, 108, true, 1);
INSERT INTO "term_components" ("id_component", "id_term", "id_lexeme", "is_main_lexeme", "position_lexeme") OVERRIDING SYSTEM VALUE VALUES (67, 65, 109, true, 1);
INSERT INTO "term_components" ("id_component", "id_term", "id_lexeme", "is_main_lexeme", "position_lexeme") OVERRIDING SYSTEM VALUE VALUES (68, 66, 110, true, 1);
INSERT INTO "term_components" ("id_component", "id_term", "id_lexeme", "is_main_lexeme", "position_lexeme") OVERRIDING SYSTEM VALUE VALUES (69, 67, 111, true, 1);
INSERT INTO "term_components" ("id_component", "id_term", "id_lexeme", "is_main_lexeme", "position_lexeme") OVERRIDING SYSTEM VALUE VALUES (70, 68, 112, true, 1);
INSERT INTO "term_components" ("id_component", "id_term", "id_lexeme", "is_main_lexeme", "position_lexeme") OVERRIDING SYSTEM VALUE VALUES (71, 69, 113, true, 1);
INSERT INTO "term_components" ("id_component", "id_term", "id_lexeme", "is_main_lexeme", "position_lexeme") OVERRIDING SYSTEM VALUE VALUES (72, 70, 114, true, 1);
INSERT INTO "term_components" ("id_component", "id_term", "id_lexeme", "is_main_lexeme", "position_lexeme") OVERRIDING SYSTEM VALUE VALUES (73, 71, 115, true, 1);
INSERT INTO "term_components" ("id_component", "id_term", "id_lexeme", "is_main_lexeme", "position_lexeme") OVERRIDING SYSTEM VALUE VALUES (74, 72, 116, true, 1);
INSERT INTO "term_components" ("id_component", "id_term", "id_lexeme", "is_main_lexeme", "position_lexeme") OVERRIDING SYSTEM VALUE VALUES (75, 73, 117, true, 1);
INSERT INTO "term_components" ("id_component", "id_term", "id_lexeme", "is_main_lexeme", "position_lexeme") OVERRIDING SYSTEM VALUE VALUES (76, 74, 118, true, 1);
INSERT INTO "term_components" ("id_component", "id_term", "id_lexeme", "is_main_lexeme", "position_lexeme") OVERRIDING SYSTEM VALUE VALUES (77, 75, 119, true, 1);
INSERT INTO "term_components" ("id_component", "id_term", "id_lexeme", "is_main_lexeme", "position_lexeme") OVERRIDING SYSTEM VALUE VALUES (78, 76, 120, true, 1);
INSERT INTO "term_components" ("id_component", "id_term", "id_lexeme", "is_main_lexeme", "position_lexeme") OVERRIDING SYSTEM VALUE VALUES (79, 77, 121, true, 1);
INSERT INTO "term_components" ("id_component", "id_term", "id_lexeme", "is_main_lexeme", "position_lexeme") OVERRIDING SYSTEM VALUE VALUES (80, 78, 122, true, 1);
INSERT INTO "term_components" ("id_component", "id_term", "id_lexeme", "is_main_lexeme", "position_lexeme") OVERRIDING SYSTEM VALUE VALUES (81, 79, 123, true, 1);
INSERT INTO "term_components" ("id_component", "id_term", "id_lexeme", "is_main_lexeme", "position_lexeme") OVERRIDING SYSTEM VALUE VALUES (82, 80, 124, true, 1);
INSERT INTO "term_components" ("id_component", "id_term", "id_lexeme", "is_main_lexeme", "position_lexeme") OVERRIDING SYSTEM VALUE VALUES (83, 81, 125, true, 1);
INSERT INTO "term_components" ("id_component", "id_term", "id_lexeme", "is_main_lexeme", "position_lexeme") OVERRIDING SYSTEM VALUE VALUES (84, 82, 126, true, 1);
INSERT INTO "term_components" ("id_component", "id_term", "id_lexeme", "is_main_lexeme", "position_lexeme") OVERRIDING SYSTEM VALUE VALUES (85, 83, 127, true, 1);
INSERT INTO "term_components" ("id_component", "id_term", "id_lexeme", "is_main_lexeme", "position_lexeme") OVERRIDING SYSTEM VALUE VALUES (86, 84, 128, true, 1);
INSERT INTO "term_components" ("id_component", "id_term", "id_lexeme", "is_main_lexeme", "position_lexeme") OVERRIDING SYSTEM VALUE VALUES (87, 85, 129, true, 1);
INSERT INTO "term_components" ("id_component", "id_term", "id_lexeme", "is_main_lexeme", "position_lexeme") OVERRIDING SYSTEM VALUE VALUES (88, 86, 130, true, 1);
INSERT INTO "term_components" ("id_component", "id_term", "id_lexeme", "is_main_lexeme", "position_lexeme") OVERRIDING SYSTEM VALUE VALUES (89, 87, 131, true, 1);
INSERT INTO "term_components" ("id_component", "id_term", "id_lexeme", "is_main_lexeme", "position_lexeme") OVERRIDING SYSTEM VALUE VALUES (90, 88, 132, true, 1);
INSERT INTO "term_components" ("id_component", "id_term", "id_lexeme", "is_main_lexeme", "position_lexeme") OVERRIDING SYSTEM VALUE VALUES (91, 90, 133, true, 1);
INSERT INTO "term_components" ("id_component", "id_term", "id_lexeme", "is_main_lexeme", "position_lexeme") OVERRIDING SYSTEM VALUE VALUES (92, 30, 29, true, 1);
INSERT INTO "term_components" ("id_component", "id_term", "id_lexeme", "is_main_lexeme", "position_lexeme") OVERRIDING SYSTEM VALUE VALUES (93, 92, 4, true, 1);
INSERT INTO "term_components" ("id_component", "id_term", "id_lexeme", "is_main_lexeme", "position_lexeme") OVERRIDING SYSTEM VALUE VALUES (2, 89, 119, true, 2);
INSERT INTO "term_components" ("id_component", "id_term", "id_lexeme", "is_main_lexeme", "position_lexeme") OVERRIDING SYSTEM VALUE VALUES (4, 91, 119, true, 2);
INSERT INTO "term_components" ("id_component", "id_term", "id_lexeme", "is_main_lexeme", "position_lexeme") OVERRIDING SYSTEM VALUE VALUES (5, 91, 133, false, 3);
INSERT INTO "term_components" ("id_component", "id_term", "id_lexeme", "is_main_lexeme", "position_lexeme") OVERRIDING SYSTEM VALUE VALUES (94, 92, 5, false, 2);
INSERT INTO "term_components" ("id_component", "id_term", "id_lexeme", "is_main_lexeme", "position_lexeme") OVERRIDING SYSTEM VALUE VALUES (95, 93, 134, true, 1);
INSERT INTO "term_components" ("id_component", "id_term", "id_lexeme", "is_main_lexeme", "position_lexeme") OVERRIDING SYSTEM VALUE VALUES (96, 94, 119, true, 1);
INSERT INTO "term_components" ("id_component", "id_term", "id_lexeme", "is_main_lexeme", "position_lexeme") OVERRIDING SYSTEM VALUE VALUES (97, 95, 70, false, 1);
INSERT INTO "term_components" ("id_component", "id_term", "id_lexeme", "is_main_lexeme", "position_lexeme") OVERRIDING SYSTEM VALUE VALUES (98, 95, 71, true, 2);
INSERT INTO "term_components" ("id_component", "id_term", "id_lexeme", "is_main_lexeme", "position_lexeme") OVERRIDING SYSTEM VALUE VALUES (102, 97, 116, false, 1);
INSERT INTO "term_components" ("id_component", "id_term", "id_lexeme", "is_main_lexeme", "position_lexeme") OVERRIDING SYSTEM VALUE VALUES (104, 98, 141, true, 1);
INSERT INTO "term_components" ("id_component", "id_term", "id_lexeme", "is_main_lexeme", "position_lexeme") OVERRIDING SYSTEM VALUE VALUES (103, 97, 29, true, 2);
INSERT INTO "term_components" ("id_component", "id_term", "id_lexeme", "is_main_lexeme", "position_lexeme") OVERRIDING SYSTEM VALUE VALUES (113, 102, 117, true, 2);
INSERT INTO "term_components" ("id_component", "id_term", "id_lexeme", "is_main_lexeme", "position_lexeme") OVERRIDING SYSTEM VALUE VALUES (100, 96, 73, true, 1);
INSERT INTO "term_components" ("id_component", "id_term", "id_lexeme", "is_main_lexeme", "position_lexeme") OVERRIDING SYSTEM VALUE VALUES (101, 96, 74, false, 2);
INSERT INTO "term_components" ("id_component", "id_term", "id_lexeme", "is_main_lexeme", "position_lexeme") OVERRIDING SYSTEM VALUE VALUES (105, 99, 142, true, 1);
INSERT INTO "term_components" ("id_component", "id_term", "id_lexeme", "is_main_lexeme", "position_lexeme") OVERRIDING SYSTEM VALUE VALUES (106, 99, 4, false, 2);
INSERT INTO "term_components" ("id_component", "id_term", "id_lexeme", "is_main_lexeme", "position_lexeme") OVERRIDING SYSTEM VALUE VALUES (107, 100, 28, false, 1);
INSERT INTO "term_components" ("id_component", "id_term", "id_lexeme", "is_main_lexeme", "position_lexeme") OVERRIDING SYSTEM VALUE VALUES (108, 100, 142, true, 2);
INSERT INTO "term_components" ("id_component", "id_term", "id_lexeme", "is_main_lexeme", "position_lexeme") OVERRIDING SYSTEM VALUE VALUES (109, 100, 4, false, 3);
INSERT INTO "term_components" ("id_component", "id_term", "id_lexeme", "is_main_lexeme", "position_lexeme") OVERRIDING SYSTEM VALUE VALUES (110, 101, 117, true, 1);
INSERT INTO "term_components" ("id_component", "id_term", "id_lexeme", "is_main_lexeme", "position_lexeme") OVERRIDING SYSTEM VALUE VALUES (114, 102, 4, false, 3);
INSERT INTO "term_components" ("id_component", "id_term", "id_lexeme", "is_main_lexeme", "position_lexeme") OVERRIDING SYSTEM VALUE VALUES (115, 103, 143, true, 1);
INSERT INTO "term_components" ("id_component", "id_term", "id_lexeme", "is_main_lexeme", "position_lexeme") OVERRIDING SYSTEM VALUE VALUES (116, 104, 144, true, 1);
INSERT INTO "term_components" ("id_component", "id_term", "id_lexeme", "is_main_lexeme", "position_lexeme") OVERRIDING SYSTEM VALUE VALUES (117, 105, 145, true, 1);
INSERT INTO "term_components" ("id_component", "id_term", "id_lexeme", "is_main_lexeme", "position_lexeme") OVERRIDING SYSTEM VALUE VALUES (118, 106, 146, true, 1);
INSERT INTO "term_components" ("id_component", "id_term", "id_lexeme", "is_main_lexeme", "position_lexeme") OVERRIDING SYSTEM VALUE VALUES (119, 107, 147, true, 1);
INSERT INTO "term_components" ("id_component", "id_term", "id_lexeme", "is_main_lexeme", "position_lexeme") OVERRIDING SYSTEM VALUE VALUES (120, 108, 148, true, 1);
INSERT INTO "term_components" ("id_component", "id_term", "id_lexeme", "is_main_lexeme", "position_lexeme") OVERRIDING SYSTEM VALUE VALUES (121, 109, 149, true, 1);
INSERT INTO "term_components" ("id_component", "id_term", "id_lexeme", "is_main_lexeme", "position_lexeme") OVERRIDING SYSTEM VALUE VALUES (122, 110, 150, true, 1);
INSERT INTO "term_components" ("id_component", "id_term", "id_lexeme", "is_main_lexeme", "position_lexeme") OVERRIDING SYSTEM VALUE VALUES (123, 111, 151, true, 1);
INSERT INTO "term_components" ("id_component", "id_term", "id_lexeme", "is_main_lexeme", "position_lexeme") OVERRIDING SYSTEM VALUE VALUES (124, 112, 152, true, 1);
INSERT INTO "term_components" ("id_component", "id_term", "id_lexeme", "is_main_lexeme", "position_lexeme") OVERRIDING SYSTEM VALUE VALUES (125, 113, 153, true, 1);
INSERT INTO "term_components" ("id_component", "id_term", "id_lexeme", "is_main_lexeme", "position_lexeme") OVERRIDING SYSTEM VALUE VALUES (126, 114, 154, true, 1);
INSERT INTO "term_components" ("id_component", "id_term", "id_lexeme", "is_main_lexeme", "position_lexeme") OVERRIDING SYSTEM VALUE VALUES (127, 115, 155, true, 1);

INSERT INTO "term_main_meanings" ("id_term_main_meaning", "id_term", "id_meaning_main", "comment") OVERRIDING SYSTEM VALUE VALUES (3, 45, 1, 'широкофюзеляжный - Тип-фюзеляжа(z, Широкий)');
INSERT INTO "term_main_meanings" ("id_term_main_meaning", "id_term", "id_meaning_main", "comment") OVERRIDING SYSTEM VALUE VALUES (4, 48, 6, 'Airbus - (Назв,=,Airbus)');
INSERT INTO "term_main_meanings" ("id_term_main_meaning", "id_term", "id_meaning_main", "comment") OVERRIDING SYSTEM VALUE VALUES (6, 49, 8, 'экспериментальный - Тип(z, экспериментальный)');
INSERT INTO "term_main_meanings" ("id_term_main_meaning", "id_term", "id_meaning_main", "comment") OVERRIDING SYSTEM VALUE VALUES (10, 56, 12, 'российский - Страна(z, Россия)');
INSERT INTO "term_main_meanings" ("id_term_main_meaning", "id_term", "id_meaning_main", "comment") OVERRIDING SYSTEM VALUE VALUES (13, 97, 16, 'самый большой - Значение(z, #макс#)');
INSERT INTO "term_main_meanings" ("id_term_main_meaning", "id_term", "id_meaning_main", "comment") OVERRIDING SYSTEM VALUE VALUES (8, 96, 10, 'многоцелевой боевой - Тип(z, Многоцелевой боевой)');
INSERT INTO "term_main_meanings" ("id_term_main_meaning", "id_term", "id_meaning_main", "comment") OVERRIDING SYSTEM VALUE VALUES (14, 52, 25, 'одноместный - Экипаж(z, 1)');
INSERT INTO "term_main_meanings" ("id_term_main_meaning", "id_term", "id_meaning_main", "comment") OVERRIDING SYSTEM VALUE VALUES (15, 42, 26, 'общедоступный - Тип-аэропорта(z, Общедоступный)');
INSERT INTO "term_main_meanings" ("id_term_main_meaning", "id_term", "id_meaning_main", "comment") OVERRIDING SYSTEM VALUE VALUES (17, 43, 29, 'военный - Тип-Аэропорта(z, Военный)');
INSERT INTO "term_main_meanings" ("id_term_main_meaning", "id_term", "id_meaning_main", "comment") OVERRIDING SYSTEM VALUE VALUES (1, 46, 2, 'самолёт - самолёт | продукт');
INSERT INTO "term_main_meanings" ("id_term_main_meaning", "id_term", "id_meaning_main", "comment") OVERRIDING SYSTEM VALUE VALUES (2, 47, 4, 'компания - компания | производитель');
INSERT INTO "term_main_meanings" ("id_term_main_meaning", "id_term", "id_meaning_main", "comment") OVERRIDING SYSTEM VALUE VALUES (5, 95, 7, 'летательный аппарат - лет-аппарат | продукт');
INSERT INTO "term_main_meanings" ("id_term_main_meaning", "id_term", "id_meaning_main", "comment") OVERRIDING SYSTEM VALUE VALUES (9, 57, 11, 'производство - производство | производитель');
INSERT INTO "term_main_meanings" ("id_term_main_meaning", "id_term", "id_meaning_main", "comment") OVERRIDING SYSTEM VALUE VALUES (11, 71, 13, 'планета - планета | объект');
INSERT INTO "term_main_meanings" ("id_term_main_meaning", "id_term", "id_meaning_main", "comment") OVERRIDING SYSTEM VALUE VALUES (12, 74, 14, 'радиус - радиус | параметр');
INSERT INTO "term_main_meanings" ("id_term_main_meaning", "id_term", "id_meaning_main", "comment") OVERRIDING SYSTEM VALUE VALUES (16, 38, 27, 'аэропорт - аэропорт | простран объект');
INSERT INTO "term_main_meanings" ("id_term_main_meaning", "id_term", "id_meaning_main", "comment") OVERRIDING SYSTEM VALUE VALUES (7, 40, 9, 'Китай - Китай | страна, владелец, пространственный объект');
INSERT INTO "term_main_meanings" ("id_term_main_meaning", "id_term", "id_meaning_main", "comment") OVERRIDING SYSTEM VALUE VALUES (18, 39, 31, 'Германия - Германия | страна, владелец, пространственный объект');
INSERT INTO "term_main_meanings" ("id_term_main_meaning", "id_term", "id_meaning_main", "comment") OVERRIDING SYSTEM VALUE VALUES (19, 11, 32, 'Канада - Канада | страна, владелец, пространственный объект');
INSERT INTO "term_main_meanings" ("id_term_main_meaning", "id_term", "id_meaning_main", "comment") OVERRIDING SYSTEM VALUE VALUES (20, 41, 33, 'Италия - Италия | страна, владелец, пространственный объект');
INSERT INTO "term_main_meanings" ("id_term_main_meaning", "id_term", "id_meaning_main", "comment") OVERRIDING SYSTEM VALUE VALUES (21, 9, 34, 'Чехия - Чехия | страна, владелец, пространственный объект');
INSERT INTO "term_main_meanings" ("id_term_main_meaning", "id_term", "id_meaning_main", "comment") OVERRIDING SYSTEM VALUE VALUES (24, 36, 37, 'Великобритания - Великобритания | страна, владелец, пространственный объект');
INSERT INTO "term_main_meanings" ("id_term_main_meaning", "id_term", "id_meaning_main", "comment") OVERRIDING SYSTEM VALUE VALUES (25, 37, 38, 'частный - Тип-Аэропорта(z, Частный)');
INSERT INTO "term_main_meanings" ("id_term_main_meaning", "id_term", "id_meaning_main", "comment") OVERRIDING SYSTEM VALUE VALUES (22, 35, 35, 'Россия - Россия | страна, владелец, пространственный объект');
INSERT INTO "term_main_meanings" ("id_term_main_meaning", "id_term", "id_meaning_main", "comment") OVERRIDING SYSTEM VALUE VALUES (23, 34, 36, 'Франция - Франция | страна, владелец, пространственный объект');
INSERT INTO "term_main_meanings" ("id_term_main_meaning", "id_term", "id_meaning_main", "comment") OVERRIDING SYSTEM VALUE VALUES (26, 99, 39, 'меньше #число# - (меньше, #число#)');
INSERT INTO "term_main_meanings" ("id_term_main_meaning", "id_term", "id_meaning_main", "comment") OVERRIDING SYSTEM VALUE VALUES (27, 100, 40, 'не меньше #число# - (не меньше, #число#)');
INSERT INTO "term_main_meanings" ("id_term_main_meaning", "id_term", "id_meaning_main", "comment") OVERRIDING SYSTEM VALUE VALUES (28, 101, 41, 'больше #число# - (больше, #число#)');
INSERT INTO "term_main_meanings" ("id_term_main_meaning", "id_term", "id_meaning_main", "comment") OVERRIDING SYSTEM VALUE VALUES (29, 102, 42, 'не больше #число# - (не больше, #число#)');
INSERT INTO "term_main_meanings" ("id_term_main_meaning", "id_term", "id_meaning_main", "comment") OVERRIDING SYSTEM VALUE VALUES (31, 103, 44, 'австрийский - (Страна-отношение, нек-страна1 * (Название, "Австрия"))');
INSERT INTO "term_main_meanings" ("id_term_main_meaning", "id_term", "id_meaning_main", "comment") OVERRIDING SYSTEM VALUE VALUES (32, 105, 45, 'Йенс - (Имя, "Йенс")');
INSERT INTO "term_main_meanings" ("id_term_main_meaning", "id_term", "id_meaning_main", "comment") OVERRIDING SYSTEM VALUE VALUES (33, 106, 46, 'Шонбах - (Фамилия, "Шонбах")');
INSERT INTO "term_main_meanings" ("id_term_main_meaning", "id_term", "id_meaning_main", "comment") OVERRIDING SYSTEM VALUE VALUES (34, 108, 49, 'мировой - (Уровень1, мировой)');
INSERT INTO "term_main_meanings" ("id_term_main_meaning", "id_term", "id_meaning_main", "comment") OVERRIDING SYSTEM VALUE VALUES (37, 110, 50, 'марафонский - (Является, марафон)');
INSERT INTO "term_main_meanings" ("id_term_main_meaning", "id_term", "id_meaning_main", "comment") OVERRIDING SYSTEM VALUE VALUES (38, 107, 52, 'установить - установление1');
INSERT INTO "term_main_meanings" ("id_term_main_meaning", "id_term", "id_meaning_main", "comment") OVERRIDING SYSTEM VALUE VALUES (35, 109, 47, 'рекорд - рекорд | достижение');
INSERT INTO "term_main_meanings" ("id_term_main_meaning", "id_term", "id_meaning_main", "comment") OVERRIDING SYSTEM VALUE VALUES (36, 111, 48, 'бег - бег | проф.обл');
INSERT INTO "term_main_meanings" ("id_term_main_meaning", "id_term", "id_meaning_main", "comment") OVERRIDING SYSTEM VALUE VALUES (30, 104, 43, 'легкоатлет - легкоатлет | дин.физ.объект');
INSERT INTO "term_main_meanings" ("id_term_main_meaning", "id_term", "id_meaning_main", "comment") OVERRIDING SYSTEM VALUE VALUES (39, 112, 60, 'канадский - Страна(z, Канада)');
INSERT INTO "term_main_meanings" ("id_term_main_meaning", "id_term", "id_meaning_main", "comment") OVERRIDING SYSTEM VALUE VALUES (40, 26, 65, 'город - город | место проживания');
INSERT INTO "term_main_meanings" ("id_term_main_meaning", "id_term", "id_meaning_main", "comment") OVERRIDING SYSTEM VALUE VALUES (41, 113, 62, 'население - население | колич-жителей');

INSERT INTO "term_add_meanings" ("id_term_add_meaning", "id_term_main_meaning", "id_meaning_add", "comment") OVERRIDING SYSTEM VALUE VALUES (1, 1, 3, 'самлёт - продукт');
INSERT INTO "term_add_meanings" ("id_term_add_meaning", "id_term_main_meaning", "id_meaning_add", "comment") OVERRIDING SYSTEM VALUE VALUES (2, 2, 5, 'компания - производитель');
INSERT INTO "term_add_meanings" ("id_term_add_meaning", "id_term_main_meaning", "id_meaning_add", "comment") OVERRIDING SYSTEM VALUE VALUES (3, 5, 3, 'летательный аппарат - продукт');
INSERT INTO "term_add_meanings" ("id_term_add_meaning", "id_term_main_meaning", "id_meaning_add", "comment") OVERRIDING SYSTEM VALUE VALUES (4, 7, 22, 'Китай - страна');
INSERT INTO "term_add_meanings" ("id_term_add_meaning", "id_term_main_meaning", "id_meaning_add", "comment") OVERRIDING SYSTEM VALUE VALUES (5, 9, 5, 'производство - производитель');
INSERT INTO "term_add_meanings" ("id_term_add_meaning", "id_term_main_meaning", "id_meaning_add", "comment") OVERRIDING SYSTEM VALUE VALUES (6, 11, 21, 'планета - объект');
INSERT INTO "term_add_meanings" ("id_term_add_meaning", "id_term_main_meaning", "id_meaning_add", "comment") OVERRIDING SYSTEM VALUE VALUES (7, 12, 15, 'радиус - параметр');
INSERT INTO "term_add_meanings" ("id_term_add_meaning", "id_term_main_meaning", "id_meaning_add", "comment") OVERRIDING SYSTEM VALUE VALUES (8, 7, 23, 'Китай - владелец');
INSERT INTO "term_add_meanings" ("id_term_add_meaning", "id_term_main_meaning", "id_meaning_add", "comment") OVERRIDING SYSTEM VALUE VALUES (9, 12, 24, 'радиус - радиус');
INSERT INTO "term_add_meanings" ("id_term_add_meaning", "id_term_main_meaning", "id_meaning_add", "comment") OVERRIDING SYSTEM VALUE VALUES (10, 16, 28, 'аэропорт - пространственный объект');
INSERT INTO "term_add_meanings" ("id_term_add_meaning", "id_term_main_meaning", "id_meaning_add", "comment") OVERRIDING SYSTEM VALUE VALUES (11, 7, 28, 'Китай - пространственный объект');
INSERT INTO "term_add_meanings" ("id_term_add_meaning", "id_term_main_meaning", "id_meaning_add", "comment") OVERRIDING SYSTEM VALUE VALUES (12, 18, 22, 'Германия - страна');
INSERT INTO "term_add_meanings" ("id_term_add_meaning", "id_term_main_meaning", "id_meaning_add", "comment") OVERRIDING SYSTEM VALUE VALUES (13, 18, 23, 'Германия - владелец');
INSERT INTO "term_add_meanings" ("id_term_add_meaning", "id_term_main_meaning", "id_meaning_add", "comment") OVERRIDING SYSTEM VALUE VALUES (14, 18, 28, 'Германия - пространственный объект');
INSERT INTO "term_add_meanings" ("id_term_add_meaning", "id_term_main_meaning", "id_meaning_add", "comment") OVERRIDING SYSTEM VALUE VALUES (15, 19, 22, 'Канада - страна');
INSERT INTO "term_add_meanings" ("id_term_add_meaning", "id_term_main_meaning", "id_meaning_add", "comment") OVERRIDING SYSTEM VALUE VALUES (16, 19, 23, 'Канада - владелец');
INSERT INTO "term_add_meanings" ("id_term_add_meaning", "id_term_main_meaning", "id_meaning_add", "comment") OVERRIDING SYSTEM VALUE VALUES (17, 19, 28, 'Канада - пространственный объект');
INSERT INTO "term_add_meanings" ("id_term_add_meaning", "id_term_main_meaning", "id_meaning_add", "comment") OVERRIDING SYSTEM VALUE VALUES (18, 20, 22, 'Италия - страна');
INSERT INTO "term_add_meanings" ("id_term_add_meaning", "id_term_main_meaning", "id_meaning_add", "comment") OVERRIDING SYSTEM VALUE VALUES (19, 20, 23, 'Италия - владелец');
INSERT INTO "term_add_meanings" ("id_term_add_meaning", "id_term_main_meaning", "id_meaning_add", "comment") OVERRIDING SYSTEM VALUE VALUES (20, 20, 28, 'Италия - пространственный объект');
INSERT INTO "term_add_meanings" ("id_term_add_meaning", "id_term_main_meaning", "id_meaning_add", "comment") OVERRIDING SYSTEM VALUE VALUES (21, 21, 22, 'Чехия - страна');
INSERT INTO "term_add_meanings" ("id_term_add_meaning", "id_term_main_meaning", "id_meaning_add", "comment") OVERRIDING SYSTEM VALUE VALUES (22, 21, 23, 'Чехия - владелец');
INSERT INTO "term_add_meanings" ("id_term_add_meaning", "id_term_main_meaning", "id_meaning_add", "comment") OVERRIDING SYSTEM VALUE VALUES (23, 21, 28, 'Чехия - пространственный объект');
INSERT INTO "term_add_meanings" ("id_term_add_meaning", "id_term_main_meaning", "id_meaning_add", "comment") OVERRIDING SYSTEM VALUE VALUES (24, 22, 22, 'Россия - страна');
INSERT INTO "term_add_meanings" ("id_term_add_meaning", "id_term_main_meaning", "id_meaning_add", "comment") OVERRIDING SYSTEM VALUE VALUES (25, 22, 23, 'Россия - владелец');
INSERT INTO "term_add_meanings" ("id_term_add_meaning", "id_term_main_meaning", "id_meaning_add", "comment") OVERRIDING SYSTEM VALUE VALUES (26, 22, 28, 'Россия - пространственный объект');
INSERT INTO "term_add_meanings" ("id_term_add_meaning", "id_term_main_meaning", "id_meaning_add", "comment") OVERRIDING SYSTEM VALUE VALUES (27, 23, 22, 'Франция - страна');
INSERT INTO "term_add_meanings" ("id_term_add_meaning", "id_term_main_meaning", "id_meaning_add", "comment") OVERRIDING SYSTEM VALUE VALUES (28, 23, 23, 'Франция - владелец');
INSERT INTO "term_add_meanings" ("id_term_add_meaning", "id_term_main_meaning", "id_meaning_add", "comment") OVERRIDING SYSTEM VALUE VALUES (29, 23, 28, 'Франция - пространственный объект');
INSERT INTO "term_add_meanings" ("id_term_add_meaning", "id_term_main_meaning", "id_meaning_add", "comment") OVERRIDING SYSTEM VALUE VALUES (30, 24, 22, 'Великобритания - страна');
INSERT INTO "term_add_meanings" ("id_term_add_meaning", "id_term_main_meaning", "id_meaning_add", "comment") OVERRIDING SYSTEM VALUE VALUES (31, 24, 23, 'Великобритания - владелец');
INSERT INTO "term_add_meanings" ("id_term_add_meaning", "id_term_main_meaning", "id_meaning_add", "comment") OVERRIDING SYSTEM VALUE VALUES (32, 24, 28, 'Великобритания - пространственный объект');
INSERT INTO "term_add_meanings" ("id_term_add_meaning", "id_term_main_meaning", "id_meaning_add", "comment") OVERRIDING SYSTEM VALUE VALUES (33, 35, 54, 'рекорд - достижение');
INSERT INTO "term_add_meanings" ("id_term_add_meaning", "id_term_main_meaning", "id_meaning_add", "comment") OVERRIDING SYSTEM VALUE VALUES (34, 36, 55, 'бег - проф.обл');
INSERT INTO "term_add_meanings" ("id_term_add_meaning", "id_term_main_meaning", "id_meaning_add", "comment") OVERRIDING SYSTEM VALUE VALUES (35, 30, 57, 'легкоатлет - дин.физ.объект');
INSERT INTO "term_add_meanings" ("id_term_add_meaning", "id_term_main_meaning", "id_meaning_add", "comment") OVERRIDING SYSTEM VALUE VALUES (36, 40, 61, 'город - место проживания');
INSERT INTO "term_add_meanings" ("id_term_add_meaning", "id_term_main_meaning", "id_meaning_add", "comment") OVERRIDING SYSTEM VALUE VALUES (37, 41, 63, 'население - колич-жителей');

INSERT INTO "preposition_frames" ("id_frame", "id_term_preposition", "id_meaning_add_noun_1", "id_meaning_add_noun_2", "id_trait_case_2", "id_meaning_frame", "comment") OVERRIDING SYSTEM VALUE VALUES (1, 98, 3, 5, 72, 17, '#nil#, продукт, производитель, родительный, Производитель');
INSERT INTO "preposition_frames" ("id_frame", "id_term_preposition", "id_meaning_add_noun_1", "id_meaning_add_noun_2", "id_trait_case_2", "id_meaning_frame", "comment") OVERRIDING SYSTEM VALUE VALUES (3, 98, 3, 23, 72, 20, '#nil#, продукт, владелец, родительный, Принадлежность');
INSERT INTO "preposition_frames" ("id_frame", "id_term_preposition", "id_meaning_add_noun_1", "id_meaning_add_noun_2", "id_trait_case_2", "id_meaning_frame", "comment") OVERRIDING SYSTEM VALUE VALUES (2, 27, 21, 24, 75, 18, 'с , объект, параметр, творительный, Параметр');
INSERT INTO "preposition_frames" ("id_frame", "id_term_preposition", "id_meaning_add_noun_1", "id_meaning_add_noun_2", "id_trait_case_2", "id_meaning_frame", "comment") OVERRIDING SYSTEM VALUE VALUES (4, 98, 28, 28, 72, 30, '#nil#, пространственный объект, пространственный объект, родительный, Расположение');
INSERT INTO "preposition_frames" ("id_frame", "id_term_preposition", "id_meaning_add_noun_1", "id_meaning_add_noun_2", "id_trait_case_2", "id_meaning_frame", "comment") OVERRIDING SYSTEM VALUE VALUES (5, 27, 61, 63, 75, 64, 'с, место проживания, население, тв, Население');
INSERT INTO "preposition_frames" ("id_frame", "id_term_preposition", "id_meaning_add_noun_1", "id_meaning_add_noun_2", "id_trait_case_2", "id_meaning_frame", "comment") OVERRIDING SYSTEM VALUE VALUES (6, 1, 54, 55, 76, 66, 'в, достижение, проф.обл, пр, Проф-область');

INSERT INTO "verb_preposition_frames" ("id_frame", "id_meaning_situation", "id_trait_verb_form", "id_trait_verb_reflect", "id_trait_verb_voice", "id_term_preposition", "id_trait_case", "id_meaning_frame", "comment") OVERRIDING SYSTEM VALUE VALUES (1, 52, 102, 97, 83, 98, 71, 53, 'установление1, личн, нвз, #nil#, Агент1, #nil#, им, инт.с | дин.физ.объект');
INSERT INTO "verb_preposition_frames" ("id_frame", "id_meaning_situation", "id_trait_verb_form", "id_trait_verb_reflect", "id_trait_verb_voice", "id_term_preposition", "id_trait_case", "id_meaning_frame", "comment") OVERRIDING SYSTEM VALUE VALUES (2, 52, 102, 97, 83, 98, 74, 58, 'установление1, личн, нвз, #nil#, Цел-объект, #nil#, вин, достижение');
INSERT INTO "verb_preposition_frames" ("id_frame", "id_meaning_situation", "id_trait_verb_form", "id_trait_verb_reflect", "id_trait_verb_voice", "id_term_preposition", "id_trait_case", "id_meaning_frame", "comment") OVERRIDING SYSTEM VALUE VALUES (3, 52, 102, 97, 83, 1, 76, 59, 'установление1, личн, нвз, #nil#, Область-деят, в, пр, проф.обл');

INSERT INTO "meaning_limits" ("id_limit", "id_frame", "id_meaning_add") OVERRIDING SYSTEM VALUE VALUES (1, 1, 56);
INSERT INTO "meaning_limits" ("id_limit", "id_frame", "id_meaning_add") OVERRIDING SYSTEM VALUE VALUES (2, 1, 57);
INSERT INTO "meaning_limits" ("id_limit", "id_frame", "id_meaning_add") OVERRIDING SYSTEM VALUE VALUES (3, 2, 54);
INSERT INTO "meaning_limits" ("id_limit", "id_frame", "id_meaning_add") OVERRIDING SYSTEM VALUE VALUES (4, 3, 55);
